course_num,course_name,status,n_player_events,r2,randomness,beta_dist,beta_acc,beta_app,beta_arg,beta_putt,beta_dist_shrunk,beta_acc_shrunk,beta_app_shrunk,beta_arg_shrunk,beta_putt_shrunk,predictability,imp_dist,imp_acc,imp_app,imp_arg,imp_putt,primary_skill,predictability_pct,randomness_pct,r2_pct,beta_dist_shrunk_z,beta_dist_shrunk_pct,beta_acc_shrunk_z,beta_acc_shrunk_pct,beta_app_shrunk_z,beta_app_shrunk_pct,beta_arg_shrunk_z,beta_arg_shrunk_pct,beta_putt_shrunk_z,beta_putt_shrunk_pct,predictability_z,randomness_z,r2_z
500,The Riviera Country Club,ok,841,0.08976341387474396,0.910236586125256,1.0135572381633862,0.25868848609987066,0.8209090134069231,0.535117865448769,0.7226523405219496,1.1288410071364887,0.4448028796057755,0.8910981973749068,0.5612233182625974,0.6249663518031858,1.7238741753130316,0.30919257963207614,0.12183270177432236,0.24407418636460557,0.15372057218533083,0.17117996004366495,DIST,0.16666666666666666,0.65,0.36666666666666664,-0.4709351127125643,0.26666666666666666,-1.4065493518193906,0.06666666666666667,-0.7176198862358569,0.21666666666666667,-0.19669776309864764,0.4166666666666667,0.8619895905038754,0.8166666666666667,-0.8389436350489267,0.4649345040031701,-0.46493450400316577
9,Bay Hill Club & Lodge,ok,864,0.10248748357775828,0.8975125164222417,1.316574861410282,0.4981162480349803,1.2404536577710061,0.33563029065545147,0.5581249150961829,1.2845836151887342,0.5665486459887676,1.1079685227951617,0.45728239876972226,0.5408888771473379,1.9236409877714333,0.3246134194838581,0.14316646351692977,0.2799829038860768,0.11555495600230863,0.13668225711082665,DIST,0.6,0.5166666666666667,0.5,0.34174315833757185,0.5666666666666667,-0.5233765350036337,0.35,1.414649202324929,0.9,-1.1065410339836832,0.15,0.09800127656495083,0.5833333333333334,0.2907112656617583,0.10414661679338821,-0.10414661679338388
734,PGA National (Champion),ok,864,0.07500349401882267,0.9249965059811773,1.374995460720762,0.6309407998514384,0.7083489530625902,0.5646504841241182,0.5729500831354186,1.3149173879076372,0.6355152402011595,0.8316833876580995,0.5761967299938378,0.5485865605523257,1.859444675415339,0.3365629070047686,0.1626648629449565,0.21287556255012854,0.1474818480892958,0.1404148194108506,DIST,0.38333333333333336,0.8333333333333334,0.18333333333333332,0.5000273830332073,0.6666666666666666,-0.02307641709122633,0.55,-1.3017863088036774,0.1,-0.06562851748942519,0.45,0.16794795598038934,0.6166666666666667,-0.07231038927763168,0.8834484248238031,-0.8834484248237988
11,TPC Sawgrass,ok,1094,0.09672006115935006,0.9032799388406499,1.3862820855626212,1.190932422051582,0.9443345321515995,0.7117047055820136,0.7014170373619119,1.3287323426721636,0.9584184679765139,0.9530145933425815,0.6597351047165949,0.6257494212270327,2.102176291348281,0.29360033658000606,0.21177476888723984,0.2105807139520164,0.14577687512964285,0.13826730545109478,DIST,0.9666666666666667,0.5833333333333334,0.43333333333333335,0.5721150005007717,0.7,2.319340586027654,1.0,-0.10885786708396361,0.5,0.6656217780920295,0.7666666666666667,0.8691051216407312,0.8333333333333334,1.300304792001141,0.2676804701556414,-0.26768047015563706
12,Harbour Town Golf Links,ok,1033,0.10713739067056283,0.8928626093294372,1.2704697815683716,1.093672398624356,0.7444768132052083,0.7481331256390436,0.638319136687557,1.2615503217543362,0.8958691196956061,0.8406722365837315,0.6785351114084233,0.5876720311665655,1.9765092504045663,0.2958400372078684,0.21008591503156776,0.19714196212537902,0.1591199725800578,0.13781211305512694,DIST,0.7,0.5,0.5166666666666667,0.22155345996949505,0.4666666666666667,1.8655927001467003,0.9333333333333333,-1.2134079441347143,0.13333333333333333,0.83018699133633,0.8,0.5231066107367442,0.7,0.5896742978121288,-0.02770036258438934,0.027700362584393668
752,Sedgefield Country Club,ok,1261,0.0742498743990635,0.9257501256009365,0.3881619741258416,0.7589397539774213,1.0085920145969838,0.4276499852702065,0.3989708551480356,0.7227067951422883,0.7129488298828796,0.9916264881241126,0.4901503987638225,0.4468323208499472,1.566470802182425,0.21481863975278476,0.21191816498504937,0.29475280259363407,0.14569316719375655,0.13281722547477529,APP,0.06666666666666667,0.85,0.16666666666666666,-2.590178223801569,0.03333333333333333,0.5386453047157174,0.75,0.2707742911372126,0.6,-0.8188321242685698,0.21666666666666667,-0.756664139525149,0.2,-1.7290388898971696,0.9048171249896265,-0.9048171249896222
14,Augusta National Golf Club,ok,689,0.14524686743313453,0.8547531325668655,1.4213820689967407,0.5600683143654451,0.9718970657772373,1.3136913214980317,0.48520297206741864,1.3293208199827564,0.603258278858884,0.9681294425369483,0.9241549099655149,0.5051202234281529,2.0438927928557775,0.30700365632502635,0.13932114395110587,0.22358731931890458,0.2134314998344936,0.11665638057046962,DIST,0.9,0.13333333333333333,0.8833333333333333,0.5751857255214058,0.7166666666666667,-0.25707610559747307,0.45,0.039751333612131894,0.55,2.980211466813732,1.0,-0.22701839795122142,0.4166666666666667,0.9707193173551426,-1.108285263858649,1.1082852638586531
656,Plantation Course at Kapalua,ok,385,0.15418973542387027,0.8458102645761297,1.6925638725756669,0.9801253854356884,1.5024393004084022,1.040276254946043,0.16301446546039572,1.393808899879495,0.7508124742749591,1.1395331580373287,0.7353921507010415,0.40555251825512284,2.1237308915096746,0.31497800083621114,0.16967133168001872,0.25751584455817716,0.1661865909153558,0.09164823201023732,DIST,0.9833333333333333,0.06666666666666667,0.95,0.9116900510187917,0.8333333333333334,0.8133172088496639,0.8,1.7249927031618728,0.95,1.3278831330986773,0.95,-1.1317620704899194,0.13333333333333333,1.4221932048237056,-1.3618581004809744,1.3618581004809789
729,GC of Houston,ok,345,0.08515055256305248,0.9148494474369475,1.4030308749396854,0.7995161690351038,0.8587544786384629,0.11702365979657292,0.8033834827183091,1.2961328447770843,0.6883821720001724,0.93290651244303,0.4465558978657864,0.6069750798846156,1.8952508658528253,0.32640351213010654,0.1733544208327278,0.23493267945294924,0.11245561287421427,0.15285377471000208,DIST,0.4666666666666667,0.7333333333333333,0.2833333333333333,0.40200802773460226,0.65,0.36043291108089015,0.7333333333333333,-0.3065605230342775,0.4,-1.2004350914463675,0.11666666666666667,0.6985079736386245,0.7666666666666667,0.13016888145663585,0.595731059309893,-0.5957310593098887
21,Colonial Country Club,ok,1129,0.09645142439230259,0.9035485756076974,0.7353707872558483,0.5760330777247805,1.1167646049123587,0.5785020859991242,0.902857801095689,0.9488128948820231,0.6027505719929309,1.0537765166215929,0.5827175715497765,0.7450210587698813,1.8079312085139778,0.24123923980288936,0.15325159529625862,0.2679266346011655,0.1481581297416211,0.18942440055806536,APP,0.3,0.6,0.4166666666666667,-1.4103372251922743,0.11666666666666667,-0.2607591322541033,0.43333333333333335,0.8818333853749726,0.8333333333333334,-0.008548554765167181,0.48333333333333334,1.952892873830997,0.9833333333333333,-0.36361223076763427,0.27529760004192005,-0.2752976000419157
23,Muirfield Village Golf Club,ok,969,0.09608670585921508,0.9039132941407849,1.2255940691212786,0.9702427587136612,0.9109459938054604,0.8106911248702899,0.7985074281902766,1.2366461890300107,0.8211021717448412,0.935338795711979,0.710284364288196,0.6735855640737402,2.0091248409024525,0.28253559837513,0.1875965781312229,0.21369613125742973,0.16227811936902686,0.1538935728671907,DIST,0.7833333333333333,0.6166666666666667,0.4,0.09160156191460556,0.43333333333333335,1.3232154332553994,0.9,-0.2826463133840943,0.43333333333333335,1.1081029865885044,0.9166666666666666,1.3037786684901267,0.9166666666666666,0.7741111479179603,0.28563910492598393,-0.2856391049259796
513,TPC Southwind,ok,792,0.042788774449315725,0.9572112255506843,0.3315726955045317,0.42042810174115713,0.6739600451047311,0.6394857864131813,0.17735834423985686,0.793110571768316,0.5309947017601023,0.8201532772235844,0.6139485447649167,0.3506827723417304,1.4434480845963225,0.25511053960705177,0.17079881383055953,0.26380904827242785,0.19748159981871405,0.1127999984712468,APP,0.05,0.9666666666666667,0.05,-2.2228052859819676,0.05,-0.781293323457374,0.23333333333333334,-1.4151503572024924,0.05,0.2648306972332126,0.5833333333333334,-1.6303479858997159,0.06666666666666667,-2.424716085271282,1.7968889263156036,-1.7968889263155994
669,TPC Deere Run,ok,1118,0.08434599847323188,0.9156540015267681,0.648750440867135,0.4258243953057251,1.3085683474255165,0.5707057322366536,0.4757789979263006,0.8995461148618493,0.5153473318951445,1.165217452574936,0.5781972622873235,0.49517209833768105,1.7355129726188776,0.24621622421807005,0.14105655299235673,0.3189335564081222,0.1582593092467233,0.13553435713472772,APP,0.2,0.7666666666666667,0.25,-1.6674155039480216,0.06666666666666667,-0.8948030752126792,0.18333333333333332,1.97752069286219,0.9666666666666667,-0.04811692672905127,0.4666666666666667,-0.317414206648295,0.35,-0.7731277757821872,0.6185439939280994,-0.6185439939280951
32,Glen Abbey GC,ok,260,0.20676803704730962,0.7932319629526904,1.9321237829684597,0.260098369152641,1.6431514793970303,0.9716949532596706,0.0017346034187917699,1.4173383386673297,0.5471604571724276,1.131251930434177,0.6826170078056812,0.3945944922820322,2.0517393243161655,0.33964801543461104,0.13112039541500708,0.2710908628138964,0.16358092184334155,0.09455980449314397,DIST,0.95,0.016666666666666666,1.0,1.0344686783451227,0.8833333333333333,-0.6640230793443733,0.2833333333333333,1.6435716714955118,0.9333333333333333,0.8659177313337726,0.8333333333333334,-1.2313345638545043,0.1,1.0150904148799307,-2.8527029951223053,2.8527029951223093
241,Quail Hollow-PGA Championship,ok,236,0.15864940176802522,0.8413505982319748,1.5418842003542936,1.1896536679606164,1.177941557898285,0.591166716744462,1.1062653440167034,1.3165165315629181,0.7655625234187181,1.013418792742273,0.5892361829905413,0.6553067433571528,2.0305037827739985,0.30334197305889127,0.1763952375729656,0.2335044405104829,0.13576743023032709,0.15099091862733297,DIST,0.8166666666666667,0.05,0.9666666666666667,0.5083718516226797,0.6833333333333333,0.9203175821479367,0.85,0.48503623506965005,0.7333333333333333,0.04851188672246584,0.5166666666666667,1.1376841767464196,0.8833333333333333,0.8950062363462737,-1.4883108499175066,1.4883108499175108
503,TPC River Highlands,ok,1219,0.13918054886618692,0.8608194511338131,1.005395614696842,1.145567934797274,1.1584490995854844,0.585835615355224,0.53796093752972,1.1023297225017434,0.9454243789702642,1.0817519138245195,0.5869573826372094,0.5317451945412565,1.9764658351398674,0.25948107267009923,0.22254660014692523,0.2546371936021848,0.13816585741032314,0.12516927617046775,DIST,0.6833333333333333,0.18333333333333332,0.8333333333333334,-0.6092732671182957,0.21666666666666667,2.225078366235119,0.9666666666666667,1.1568874969986698,0.8666666666666667,0.02856448605211164,0.5,0.014915209981634902,0.5333333333333333,0.5894287902329209,-0.936276283242014,0.9362762832420183
770,TPC San Antonio (Oaks Course),ok,1162,0.06693140553761434,0.9330685944623857,0.8952429539905694,0.5282250068413641,0.7445125777583441,0.7873570078993798,0.32579788821484934,1.039907628925898,0.5739867311787725,0.8343686426973473,0.7063415818580974,0.4059104541466479,1.664548408197108,0.2920666301340501,0.1612089051507371,0.23433931147696252,0.19838185604035924,0.11400329719789101,DIST,0.1,0.9166666666666666,0.1,-0.9349970990033397,0.2,-0.46941889159526395,0.38333333333333336,-1.2753848806507246,0.11666666666666667,1.0735899759273386,0.9,-1.1285096079322154,0.15,-1.1744230008964403,1.1123305212348003,-1.1123305212347958
538,TPC Summerlin,ok,994,0.09392407753722498,0.906075922462775,1.1261098319373062,0.6823207103558186,0.9795565458359237,0.6462431129311029,1.0451501406817496,1.1813710303017015,0.6636517807785787,0.9730138618605951,0.6205680014938819,0.8119835032150098,1.95633561198251,0.2779311899735496,0.1561317523697449,0.22891275776299583,0.14599579530120604,0.19102850459250353,DIST,0.65,0.6333333333333333,0.38333333333333336,-0.1968289516689021,0.35,0.18103275676733696,0.65,0.0877749455064697,0.5666666666666667,0.3227738844894744,0.6166666666666667,2.5613617323245284,1.0,0.4755950409616607,0.3469599025420174,-0.3469599025420131
746,The Country Club of Jackson,ok,1082,0.07365760729481763,0.9263423927051824,1.165629966761983,0.38528706939820245,1.1090246214008848,0.11230215444650099,0.8024489005886806,1.2015080124612303,0.4937540476684068,1.0477536142256945,0.31479504332498504,0.6833522185797134,1.8306469822607176,0.3211589639189453,0.13197876063692737,0.2800609414978098,0.08414363359423199,0.18265770035208564,DIST,0.3333333333333333,0.8666666666666667,0.15,-0.09175245365569633,0.38333333333333336,-1.0514459074146483,0.13333333333333333,0.8226162076568749,0.8166666666666667,-2.3537992088210236,0.016666666666666666,1.392525505135553,0.95,-0.23515753491176852,0.9216107140057337,-0.9216107140057294
688,East Lake Golf Club,ok,247,0.08138245905339359,0.9186175409466064,1.325516246730778,1.074595040004496,0.798738430726464,0.40476152459272347,1.4210645081722602,1.2678404664355991,0.7428743873010477,0.9256886857750106,0.5452812196761322,0.7343095496166347,1.962835568712032,0.3007215791985105,0.1762038401592892,0.2195659239486778,0.1293363272662395,0.17417232942728308,DIST,0.6666666666666666,0.8,0.21666666666666667,0.25437597378349963,0.5,0.7557324332869285,0.7833333333333333,-0.3775261964660105,0.36666666666666664,-0.3362463758437512,0.35,1.8555604093245714,0.9666666666666667,0.5123514364987873,0.702574430015153,-0.7025744300151486
733,El Camaleon Golf Club,ok,657,0.10155969473613946,0.8984403052638605,1.0209047875712218,1.3226403549044656,0.8135619083303205,0.7108636547982834,0.638555217852796,1.1467130410774624,0.9480708454326152,0.8966491663624022,0.6437685392100068,0.5747082656550139,1.939715540166549,0.27238422670022006,0.22519979701943776,0.2129853599393412,0.15291741651589244,0.1365131998251086,DIST,0.6166666666666667,0.5333333333333333,0.48333333333333334,-0.3776773085384647,0.3,2.244276464941979,0.9833333333333333,-0.6630427578958697,0.23333333333333334,0.5258589950014861,0.7166666666666667,0.40530852752824664,0.65,0.381610733227995,0.1304538426855228,-0.13045384268551846
552,Silverado Resort and Spa North,ok,765,0.07010991718298587,0.9298900828170141,1.3230981579485814,0.6976082869264616,0.6844405315610094,0.5198457814629055,0.43267324850745764,1.2857485918506293,0.6683928741992522,0.8277985100710363,0.5550257912112655,0.4784755271810053,1.8226742188396898,0.3369855522871248,0.17518101383460868,0.21696009613919506,0.1454683084783463,0.12540502926072508,DIST,0.31666666666666665,0.9,0.11666666666666667,0.34782210636112787,0.5833333333333334,0.2154257788454159,0.7,-1.3399824261179536,0.08333333333333333,-0.2509476034049848,0.38333333333333336,-0.46913124261736683,0.2833333333333333,-0.28024245747690385,1.022204600222782,-1.0222046002227778
237,TPC Potomac at Avenel Farm,ok,377,0.12151423453419585,0.8784857654658041,1.5121885514128022,1.4888179536251884,1.0659070397225476,-0.03526152138778549,0.586165885654049,1.3340030070502944,0.9121910595919988,0.9972426640547154,0.3888188163664508,0.5427389157363167,2.012931962497736,0.31952210210973647,0.21848916632581064,0.23886083513173298,0.09313037893365411,0.1299975174990658,DIST,0.8,0.3333333333333333,0.6833333333333333,0.5996177787556987,0.7333333333333333,1.9839959437457186,0.95,0.32599253415657337,0.6166666666666667,-1.705834652456719,0.06666666666666667,0.11481205576712515,0.6,0.795639916960162,-0.4353522572511,0.4353522572511043
240,Club de Golf Chapultepec,ok,247,0.13660218650763323,0.8633978134923668,2.0709620662131156,0.6330363168211737,0.7212547841164945,1.0150101648565322,1.022920327256609,1.4437001774309548,0.6387053284411809,0.9074093536712261,0.6892462761662571,0.6403825078915479,2.049574741170929,0.3342329004731096,0.14786749895148193,0.210075516326151,0.15956829930801575,0.14825578494124167,DIST,0.9333333333333333,0.21666666666666667,0.8,1.172027011392547,0.9333333333333333,6.524360494498771e-05,0.5666666666666667,-0.5572485938429098,0.25,0.9239468043705421,0.8666666666666667,1.00207185564774,0.85,1.0028499835093723,-0.8631674486068625,0.8631674486068668
665,Innisbrook Resort (Copperhead),ok,1174,0.10100052067714826,0.8989994793228517,0.6998150274767652,0.6678544478548984,1.0201070076912542,0.6138816675844783,0.47102190521348797,0.9228010626511107,0.6567505726467767,0.9977270965787903,0.6036628258210158,0.49179274653024474,1.6984143746351792,0.2512572340418991,0.17881788287564,0.2716578477866579,0.16436332601737558,0.13390370927842726,APP,0.15,0.55,0.4666666666666667,-1.5460691941674742,0.1,0.13096974754513865,0.6333333333333333,0.3307554748427959,0.6333333333333333,0.1747950095273288,0.55,-0.34812142401106283,0.3333333333333333,-0.9829154402397519,0.14630908648996052,-0.1463090864899562
742,Grand Reserve Golf Club,ok,766,0.13668955449229747,0.8633104455077025,1.2249198956989154,0.44090622112156436,1.182285907169541,0.44265622388335657,0.5838756564925524,1.2377491031423622,0.5428471736923403,1.0712252021129425,0.5172464929253888,0.5524060777799256,1.8833283673245125,0.3156336335444831,0.13842936783946866,0.27316901464839305,0.1319010367979265,0.14086694716972872,DIST,0.4166666666666667,0.2,0.8166666666666667,0.09735666223783859,0.45,-0.6953126661120143,0.25,1.0533888650706238,0.85,-0.5816473941310004,0.2833333333333333,0.2026548324502066,0.6333333333333333,0.06274872930283859,-0.865644746463013,0.8656447464630174
771,The Old White TPC,ok,411,0.14854535262735835,0.8514546473726416,1.7042067233288538,0.621696553654884,1.1333585464649585,0.60346523878358,0.48793572205911356,1.4041745819188514,0.6340890108796398,1.0220627780463234,0.5936891441507508,0.5106199394685087,2.007881215350735,0.33716626515622544,0.15225558582803678,0.24541470417315253,0.14255488881130646,0.1226085560312788,DIST,0.7666666666666667,0.1,0.9166666666666666,0.9657790679124449,0.85,-0.0334226246410582,0.5333333333333333,0.5700239005332569,0.7666666666666667,0.08749072938516514,0.5333333333333333,-0.17704402845436054,0.45,0.7670786099209924,-1.2018130055319625,1.201813005531967
776,Sea Island GC (Seaside),ok,613,0.07666411294907693,0.9233358870509231,0.5662972674856958,0.6701097219193123,0.722107322074415,0.44672287882910455,0.7287381373304145,0.9534088325437378,0.6533204304031316,0.859560828059884,0.5270873780245922,0.611844050328105,1.6513131289626082,0.2644522194888964,0.18121505901784613,0.23842108548508958,0.14620110725352634,0.1697105287546417,DIST,0.08333333333333333,0.8166666666666667,0.2,-1.3863552287464238,0.13333333333333333,0.10608667787133357,0.6,-1.0276953084709548,0.16666666666666666,-0.49550554421522475,0.3,0.7427509356800771,0.7833333333333333,-1.2492667542983749,0.8363619808407848,-0.8363619808407805
700,TPC Boston,ok,316,0.11263903554407573,0.8873609644559243,2.1121815792697185,0.7558347070548515,0.6474990023541579,0.3337677067514676,1.0596344258566013,1.494153973534768,0.6731256953874727,0.875015543334152,0.5164909818637737,0.6744297880831132,2.042759156850705,0.35295954182736955,0.15901047766457882,0.20670231498056685,0.12200912593053036,0.15931853959695433,DIST,0.8833333333333333,0.45,0.5666666666666667,1.4352992417625958,0.95,0.2497587921769573,0.7166666666666667,-0.8757445444004355,0.18333333333333332,-0.5882607342750311,0.26666666666666666,1.3114498941084949,0.9333333333333333,0.9643087556958138,-0.18369815860581637,0.1836981586058207
242,Nine Bridges,ok,207,0.10960587431740454,0.8903941256825955,1.4736380548563566,0.27288898433624176,0.834588085451959,1.6291655473488442,-0.3614466196844577,1.2959975499213863,0.5648982406958178,0.9381006904722495,0.8025527395508625,0.3406154068077314,1.9075802295901916,0.3287527722454219,0.14329646122909476,0.23796588400711394,0.203581741351678,0.08640314116669148,DIST,0.5333333333333333,0.48333333333333334,0.5333333333333333,0.40130204758706417,0.6333333333333333,-0.535348968499816,0.3333333333333333,-0.25549136347672036,0.45,1.9157710422283902,0.9666666666666667,-1.7218272988977517,0.05,0.19988980255037694,-0.097693613198612,0.09769361319861633
704,Stadium Course,ok,641,0.031028025696436923,0.9689719743035631,0.6618383445011269,0.34150515983384855,0.45828423421470693,0.05163917744509289,-0.07707648238673162,0.9883864220963168,0.5074735017880523,0.7395335570774648,0.34978074473893983,0.255664913060495,1.4032312972583645,0.3479205874808162,0.1786350711886253,0.26032222204596,0.12312585389521902,0.08999626538937934,DIST,0.03333333333333333,0.9833333333333333,0.03333333333333333,-1.2038391699839073,0.15,-0.9519217161429382,0.16666666666666666,-2.2078034639051998,0.03333333333333333,-2.0475530724198365,0.03333333333333333,-2.493748491249075,0.03333333333333333,-2.6521366980751426,2.1303620833787895,-2.1303620833787855
510,TPC Scottsdale,ok,1181,0.08558439460349487,0.9144156053965051,1.2842778825393093,0.40109998821627124,0.8756574939690347,0.6512836601056273,0.5126619689477804,1.270448578846287,0.49776052231524626,0.9116906420971376,0.6259966395816525,0.5165436397059046,1.83075778857929,0.33236586351981734,0.13022062331371126,0.23851012356495696,0.1637688586058336,0.13513453099568096,DIST,0.35,0.7166666666666667,0.3,0.26798532777551154,0.5166666666666667,-1.022381985074886,0.15,-0.5151549650714584,0.31666666666666665,0.370293281646307,0.65,-0.12321703406409919,0.4666666666666667,-0.23453093983691795,0.5834295742656144,-0.58342957426561
4,Torrey Pines GC (South),ok,679,0.08923274430905948,0.9107672556909405,1.336601679858699,0.3978669071244004,0.8465676949771197,0.2687456071977725,0.43243741450723877,1.2897761974574893,0.5290846102505439,0.910566008456027,0.44179283821081494,0.4810305404871422,1.7886181573670583,0.3531456304039481,0.14486537942960745,0.24931643777773235,0.12096456010388576,0.13170799228482638,DIST,0.25,0.6666666666666666,0.35,0.36883849745659997,0.6,-0.7951495826850318,0.21666666666666667,-0.5262123632851087,0.2833333333333333,-1.2421283706384654,0.1,-0.44591455686607434,0.3,-0.47282498040960386,0.4799815098651767,-0.47998150986517235
5,Pebble Beach Golf Links,ok,665,0.015108594289353516,0.9848914057106465,-0.022284964220386637,0.2042507983503028,0.39019292391023375,0.21015792538650777,0.22941159733713132,0.672496214477142,0.44245139216794394,0.7040177174179556,0.4168521234187955,0.38933643492099695,1.2120247075499644,0.25617401668720396,0.1685430309948013,0.2681815043823488,0.158791500267118,0.1483099476685278,APP,0.016666666666666666,1.0,0.016666666666666666,-2.8521813351767555,0.016666666666666666,-1.423607602351433,0.03333333333333333,-2.556995207466718,0.016666666666666666,-1.4604460614506696,0.08333333333333333,-1.2791130490468168,0.08333333333333333,-3.733384671420312,2.581753670897524,-2.58175367089752
6,Waialae Country Club,ok,1225,0.11111205489757281,0.8888879451024272,0.6811097887963743,0.5921097879540154,0.8699953890681809,0.8036274462463593,0.5411662395167438,0.905869603304261,0.6112093821564224,0.907482475666924,0.7187046726312583,0.5337026214015207,1.6790104184376233,0.24636314954619398,0.16622642803222892,0.24680179139225247,0.1954611856906869,0.14514744533863763,APP,0.13333333333333333,0.4666666666666667,0.55,-1.6344189995318328,0.08333333333333333,-0.19939690651970465,0.48333333333333334,-0.5565296583646774,0.26666666666666666,1.1818098666323882,0.9333333333333333,0.03270179613628958,0.55,-1.0926422459187928,-0.14040099550307863,0.14040099550308296
243,Trinity Forest Golf Club,ok,272,0.12449427942614166,0.8755057205738583,2.2580488056195995,0.6984687109545658,0.40434045781303907,0.8072656401060911,0.2816293958074312,1.5057982561045717,0.6551753712712018,0.8226569646848378,0.6441320844546311,0.461214888609785,2.000268220127391,0.36825789139748655,0.16022963218463357,0.2011889161978524,0.15752888691501918,0.11279467330500809,DIST,0.7166666666666667,0.26666666666666666,0.75,1.4960601057598963,0.9833333333333333,0.11954286119623588,0.6166666666666667,-1.3905341015174293,0.06666666666666667,0.5290412758211818,0.7333333333333333,-0.6259738001931439,0.23333333333333334,0.7240281289261672,-0.5198507019665298,0.5198507019665342
872,Quail Hollow Club,ok,679,0.13997901051972284,0.8600209894802772,1.514782554810857,0.9067236318289669,1.0636509891224766,0.7872876647750404,0.4743335805231763,1.3715779649304545,0.762697670476643,1.0102276424821914,0.6798523764765113,0.5002648181915517,2.0484037400350004,0.31715568421183926,0.17636175828988387,0.23359914445505,0.1572050959825574,0.11567831706066949,DIST,0.9166666666666666,0.15,0.8666666666666667,0.7956871279641468,0.8,0.8995352558479331,0.8333333333333334,0.45366084499108966,0.7166666666666667,0.8417176258931465,0.8166666666666667,-0.27113809678120027,0.38333333333333336,0.9962281269774478,-0.9589164683180992,0.9589164683181035
244,Corales Golf Club,ok,944,0.13992199543315897,0.860078004566841,1.421402134861101,0.49143285150902494,1.047851134652707,0.6902748949500067,0.5172734705616086,1.3427924717456705,0.5597919268621594,1.0097930806933229,0.6436656199881388,0.5195672712960016,1.954583400402678,0.32947027552902064,0.1373516788803755,0.24776487173093234,0.1579310977893362,0.12748207607033524,DIST,0.6333333333333333,0.16666666666666666,0.85,0.6454819585163091,0.7666666666666667,-0.572391386532082,0.31666666666666665,0.4493882333846904,0.7,0.5249580951256894,0.7,-0.09574214605222424,0.5,0.465686516247871,-0.9572998194706329,0.9572998194706372
886,Liberty National Golf Club,ok,245,0.07096237487507451,0.9290376251249255,1.1872126595069932,0.569740119202819,0.9720975536563905,0.7389788667279422,0.18215895317990505,1.2353048392294579,0.6238763998351935,0.9665756576677658,0.623907332798903,0.44253407508052156,1.8532579630527766,0.3173797279973512,0.1602889552405298,0.2483366935652986,0.16029690266799587,0.11369772052882446,DIST,0.36666666666666664,0.8833333333333333,0.13333333333333333,0.08460228374391382,0.4166666666666667,-0.10750734011932339,0.5166666666666667,0.024474520427057878,0.5333333333333333,0.3520046064414524,0.6333333333333333,-0.795721087319075,0.18333333333333332,-0.10729542935335219,0.9980333706678601,-0.9980333706678558
874,Hamilton Golf & Country Club,ok,280,0.11814163493103613,0.8818583650689639,0.919103559410654,0.20778314841737,1.115199738439986,1.4278843390252738,0.5106361338152804,1.164236529676438,0.5282812872036574,1.003855174426107,0.806241625327393,0.5192567429614322,1.88730128760252,0.28947632223464953,0.13135210949582718,0.2495990260929648,0.20046429963602205,0.12910824254053652,DIST,0.45,0.36666666666666664,0.65,-0.2862382438182627,0.3333333333333333,-0.8009770796010218,0.2,0.3910067376230158,0.6666666666666666,1.9480615772478524,0.9833333333333333,-0.09856382950226823,0.48333333333333334,0.08521506796516531,-0.33972301962280504,0.3397230196228094
885,Royal Portrush Golf Club,ok,231,0.09672432462851233,0.9032756753714877,1.3937922627967434,0.7619637137948899,0.7995996046200659,0.7015632139054182,0.5800449069743288,1.2822429370723742,0.6676800451112571,0.9278517655521192,0.6139616322392428,0.5352177870428111,1.9011205791792436,0.318415080949866,0.16580274257397704,0.2304103118807652,0.15246302956904956,0.13290883502634232,DIST,0.5,0.5666666666666667,0.45,0.3295292994040539,0.55,0.21025474668342384,0.6833333333333333,-0.3562587956084615,0.38333333333333336,0.26494525799048346,0.6,0.04646967925083225,0.5666666666666667,0.16336133391335197,0.267559580529355,-0.2675595805293507
884,Keene Trace Golf Club,ok,567,0.14570284185231863,0.8542971581476814,1.8960078910527476,1.2476788700937949,0.9322343698060225,0.6998137140838006,0.4902899109658695,1.5179684927889376,0.8923177966102912,0.9513420258207859,0.6347678978142082,0.5090077135681903,2.1604467551660576,0.3369217316622837,0.19805500486683336,0.21115576789986193,0.14089034149994523,0.1129771540710757,DIST,1.0,0.11666666666666667,0.9,1.559565443384675,1.0,1.8398305557546424,0.9166666666666666,-0.1253025513363835,0.48333333333333334,0.4470721895010981,0.6833333333333333,-0.19169387078507624,0.43333333333333335,1.629816557285692,-1.1212143070939407,1.121214307093945
876,Detroit Golf Club,ok,1085,0.12234509205689603,0.877654907943104,1.5582172212112035,0.8427812787405189,0.777584512026451,0.42360220786572067,0.7428900839823624,1.4274228861696159,0.7569136318602385,0.8570752557908217,0.4936560933479123,0.6492598971092475,2.002565127190471,0.3411355339693309,0.18089252909920472,0.2048298565680699,0.11797739593019463,0.15516468443319997,DIST,0.75,0.31666666666666665,0.7,1.0870907111399737,0.9166666666666666,0.8575764606537642,0.8166666666666667,-1.0521334555822999,0.15,-0.7881451470638815,0.23333333333333334,1.0827381892688597,0.8666666666666667,0.737016834549258,-0.45891101928117106,0.4589110192811754
883,TPC Twin Cities,ok,1074,0.1224210876648879,0.8775789123351121,1.0221470352458368,0.6872700662360915,1.0852010648687833,0.7066414566416948,0.7670016852396752,1.119430294167342,0.6672852506727048,1.0338386367588437,0.6562786898931099,0.662528801962369,1.9070559111777003,0.2704354879995683,0.1612048676374403,0.24975798645207234,0.15854586809889312,0.16005578981202606,DIST,0.5166666666666667,0.3,0.7166666666666667,-0.5200410191871092,0.25,0.20739081369652598,0.6666666666666666,0.6858041460569773,0.8,0.6353661695802085,0.75,1.203308987666968,0.9,0.19692485128087164,-0.46106585617569984,0.46106585617570417
875,Accordia Golf Narashino Country Club,ok,364,0.05780941848750831,0.9421905815124917,1.331353228184767,0.6463063665151948,0.6865349432276118,0.2878952297749736,0.12814635420265477,1.2754630846003654,0.6422852457342074,0.8778405334637889,0.49461100005549663,0.3990244311510606,1.792707716636888,0.3457266304809111,0.17409764068935557,0.23794718435860743,0.13406910518430196,0.10815943928682402,DIST,0.26666666666666666,0.95,0.06666666666666667,0.2941514483854116,0.5333333333333333,0.026034817197373186,0.5833333333333334,-0.8479692408071875,0.2,-0.7797864039773518,0.25,-1.1910809579837893,0.11666666666666667,-0.4496990636767029,1.3709822350165226,-1.3709822350165182
765,Port Royal Golf Course,ok,784,0.08654214956887096,0.913457850431129,0.750997478016141,0.06977231908006107,1.0944440587560673,0.3815148126775094,0.6782322022674857,1.0030356554168085,0.3579962164026858,1.0290099770718157,0.4861369656348959,0.5994654113054148,1.6699674483706797,0.2885898527709093,0.10300139863050214,0.29606309225323646,0.13986959943190888,0.17247605691344317,APP,0.11666666666666667,0.7,0.31666666666666665,-1.127398215539934,0.16666666666666666,-2.0362655837438184,0.016666666666666666,0.6383287629224819,0.7833333333333333,-0.853963573396757,0.2,0.6302697319508463,0.75,-1.1437790455072134,0.5562726662567831,-0.5562726662567787
897,Memorial Park Golf Course,ok,649,0.0883832634438062,0.9116167365561938,1.3457313558624735,0.5943369239982205,0.9103589248163172,0.6845140861696926,0.6675760202122051,1.2928958629194724,0.6197992907508154,0.9404628045705932,0.6315962611115515,0.5873540386803239,1.9194008866712722,0.31750036614794547,0.15220599539027033,0.2309523089705215,0.1551030132525693,0.14423831623869346,DIST,0.5833333333333334,0.6833333333333333,0.3333333333333333,0.38511717909424675,0.6166666666666667,-0.13708366151014537,0.5,-0.23226705712779205,0.4666666666666667,0.41930937649460026,0.6666666666666666,0.5202171026443161,0.6833333333333333,0.2667340547909425,0.5040683322225912,-0.5040683322225868
890,Tahoe Mt. Club (Old Greenwood),ok,471,0.151719441523664,0.848280558476336,1.7165976995927443,0.1562252966595253,1.5150517951110367,0.27206966250668596,0.6958513182200217,1.4229299543066503,0.46101229217130046,1.1687624367539715,0.47134394293246007,0.5865972744387871,2.0419424812862323,0.3461572679120474,0.11215081603201447,0.2843257398022231,0.11466420468454804,0.1427019715691672,DIST,0.8666666666666667,0.08333333333333333,0.9333333333333333,1.0636462077763462,0.9,-1.2889624083080367,0.08333333333333333,2.012374978111898,0.9833333333333333,-0.9834537898344073,0.16666666666666666,0.5133405992846761,0.6666666666666666,0.9596905634027901,-1.2918135205749488,1.2918135205749532
894,TPC Craig Ranch,ok,307,0.12363577279711269,0.8763642272028873,1.294698994341133,0.37860110128952185,0.7720904322434522,1.0006627055969917,0.3260596636648564,1.262420096367026,0.5678365372348417,0.911417727475826,0.7029239304830932,0.4678586103660155,1.8600588264963034,0.32266683774722493,0.1451355379672538,0.23295278397238622,0.17966304756914203,0.1195817927439929,DIST,0.4,0.2833333333333333,0.7333333333333333,0.226092018410785,0.48333333333333334,-0.5140338648366117,0.36666666666666664,-0.5178382616898933,0.3,1.0436736819311934,0.8833333333333333,-0.5656041732080538,0.25,-0.06883744615034144,-0.49550795628276645,0.4955079562827708
902,Congaree Golf Club,ok,223,0.2018456170686298,0.7981543829313702,2.014990821163524,1.4450319364275002,0.8182597261055389,0.06433755567089078,0.9359917088200245,1.4167833905523322,0.8158422585008984,0.9329223661178248,0.4743701029727433,0.6124587644153799,2.0355222033687754,0.3331744644655484,0.19185558595406196,0.21938844836264154,0.11155410634422801,0.1440273948735203,DIST,0.85,0.03333333333333333,0.9833333333333333,1.0315729115395003,0.8666666666666667,1.2850587684786894,0.8666666666666667,-0.3064046497001116,0.4166666666666667,-0.9569644017983354,0.18333333333333332,0.7483366693265033,0.8,0.9233847410085421,-2.713128979456045,2.713128979456049
978,Vidanta Vallarta,ok,538,0.08357028853004433,0.9164297114699557,1.1865574237267904,0.4064042234246979,1.056410049170037,0.04302007749981842,0.3432920729845453,1.2245099771155332,0.5463452771491584,1.0016862990063373,0.36926617497863234,0.45030665186528673,1.7721249606709912,0.3408883592054073,0.1520957350839355,0.27885701651134037,0.10279911380962646,0.12535977538969037,DIST,0.23333333333333334,0.7833333333333333,0.23333333333333334,0.028273768453955392,0.4,-0.6699365895940665,0.26666666666666666,0.36968235400551247,0.65,-1.8769880276772866,0.05,-0.7250938728712092,0.21666666666666667,-0.566091826122413,0.6405390598168027,-0.6405390598167984
977,The Renaissance Club,ok,507,0.11322417941985552,0.8867758205801445,1.501668942867885,0.42461826222686205,0.9536855900671739,0.22687822629837062,0.7159120330074308,1.3476454548198835,0.5567298910268597,0.9605403640252922,0.44832486699294694,0.5973883440434856,1.8991056459145637,0.34461092629234064,0.1423632623515522,0.24562298889820303,0.11464265110809792,0.1527601713498063,DIST,0.48333333333333334,0.43333333333333335,0.5833333333333334,0.6708052399452676,0.7833333333333333,-0.594604124553256,0.3,-0.034864488030167985,0.5166666666666667,-1.1849504809137401,0.13333333333333333,0.611396007188365,0.7333333333333333,0.15196715282271334,-0.2002897702193807,0.20028977021938502
714,TPC Louisiana,ok,328,0.11532582634321786,0.8846741736567821,0.8617971707517695,0.08779832947559985,1.0261137777517573,0.39409045345022864,0.538474621779511,1.137141779629566,0.4797538658608894,0.9826888126946596,0.5320877740764031,0.5269847880086417,1.7463570274995026,0.3108085216322349,0.13112840673583112,0.26859276703179374,0.14543253743886414,0.14403776716127617,DIST,0.21666666666666667,0.4,0.6166666666666667,-0.4276209707290707,0.2833333333333333,-1.1530065642672316,0.11666666666666667,0.18289906429425054,0.5833333333333334,-0.4517347490202475,0.31666666666666665,-0.028341262401759257,0.5166666666666667,-0.7118060798071636,-0.2598814551785734,0.25988145517857775
921,TPC Craig Ranch,ok,465,0.11379789376264982,0.8862021062373502,1.0779473467962315,0.4659439364716204,1.4154887641045555,0.6509607237824458,0.47083464755164,1.1867762621943223,0.5763070664682926,1.130521689269263,0.6115652782492846,0.5033654356059928,1.9094595760582052,0.29606228847689803,0.14376997113890094,0.28202859221245713,0.152565754472301,0.12557339369944287,DIST,0.55,0.4166666666666667,0.6,-0.1686239885951714,0.36666666666666664,-0.4525866261745857,0.4,1.636391940196989,0.9166666666666666,0.24396885559708906,0.5666666666666667,-0.24296366028290114,0.4,0.21051725824033013,-0.21655730021803096,0.2165573002180353
926,Silverado Resort (North Course),ok,442,0.11656567229875758,0.8834343277012424,0.9629838636224296,0.08630142598869445,1.5450127831477727,0.7954965895920736,0.4142031783406862,1.1478786820746247,0.44324455628831677,1.1713392204253745,0.6622728124204543,0.48381398531131364,1.886480327276551,0.2936840773235184,0.11340385580376508,0.2996864420913703,0.16944210471843937,0.12378352006290691,APP,0.43333333333333335,0.38333333333333336,0.6333333333333333,-0.37159489395657164,0.31666666666666665,-1.4178538007105348,0.05,2.0377099157516776,1.0,0.6878355153679238,0.7833333333333333,-0.42062217829660403,0.31666666666666665,0.08057264591263819,-0.29503698428250463,0.2950369842825089
919,El Cardonal at Diamante,ok,367,0.08512203103119631,0.9148779689688037,0.5006172824620376,0.4891260303016114,1.3718127111259775,0.46749647001942973,0.7476728308611533,1.0143556110361078,0.5928652628481387,1.09285597823499,0.5505608782550457,0.5931577496624777,1.797134973046267,0.2638942722900562,0.15423954420240613,0.2843168904045172,0.14323365567040536,0.1543156374326152,APP,0.2833333333333333,0.75,0.26666666666666666,-1.0683297173549648,0.18333333333333332,-0.3324695217146798,0.4166666666666667,1.2660626607927612,0.8833333333333333,-0.29003106570379983,0.36666666666666664,0.5729537884926239,0.7166666666666667,-0.42466351428784244,0.5965397803762306,-0.5965397803762262
928,PGA National Resort (The Champion Course),ok,278,0.0607374066440205,0.9392625933559795,0.7239638488708661,-0.032187790688811044,1.1755458196098183,0.49811065367706026,0.12333670138126046,1.1143677230071158,0.46699100446344816,1.019210945703645,0.5653136383568929,0.41939403331545333,1.7303634985357481,0.31081771807943886,0.13025240714911407,0.2842767372428382,0.15767640379884962,0.11697673372975914,DIST,0.18333333333333332,0.9333333333333333,0.08333333333333333,-0.5464579492039784,0.23333333333333334,-1.2455914038545732,0.1,0.5419846842953154,0.75,-0.160893286558341,0.43333333333333335,-1.0059881245360538,0.16666666666666666,-0.8022473705862602,1.2879598463138704,-1.287959846313866
931,Tahoe Mountain Club (Old Greenwood),ok,243,0.12771974042098078,0.8722802595790192,1.781332510221369,0.9565416583987258,1.1395847730812667,0.9946499017373882,0.4189181226591893,1.3738161604979509,0.7140979210105243,1.0055865402452038,0.6832533715711343,0.4981939297567126,2.0306509633536143,0.3213644201559438,0.16704248422651627,0.23522778717742676,0.159827297048948,0.11653801139116514,DIST,0.8333333333333334,0.23333333333333334,0.7833333333333333,0.8073662241781697,0.8166666666666667,0.5469810857299618,0.7666666666666667,0.40802952674779236,0.6833333333333333,0.8714881197107219,0.85,-0.28995567628349156,0.36666666666666664,0.8958385230559947,-0.6113078603102856,0.6113078603102898
925,The Dunes Golf and Beach Club,ok,260,0.11817142656324353,0.8818285734367565,2.292031909661742,0.5110590489064024,0.7676326410835537,0.4522075711168966,0.3046003001071321,1.5056176904977576,0.6087168503195766,0.9165020266969091,0.5551955744499065,0.46888230467728553,2.001371914530274,0.3713068944635356,0.15011829678028313,0.2260225311180166,0.1369191833158794,0.11563309432228507,DIST,0.7333333333333333,0.35,0.6666666666666666,1.495117898954758,0.9666666666666667,-0.21747832675098439,0.4666666666666667,-0.467849430598774,0.35,-0.2494614116535524,0.4,-0.5563021515422346,0.26666666666666666,0.7302693747855772,-0.34056775407424333,0.34056775407424766
930,Black Desert Resort,ok,249,0.12765378674833938,0.8723462132516606,1.6380365045205605,1.3901143883085147,0.7596614029222903,0.36458914733594794,-0.6465573540871601,1.3421330267313532,0.8184013263221226,0.9161709732551476,0.535477634044956,0.24482972713285547,1.9123673644084416,0.34797215759380973,0.2121852824019265,0.23753382409851612,0.13883222001893902,0.06347651588680872,DIST,0.5666666666666667,0.25,0.7666666666666667,0.6420409179379447,0.75,1.3036228566046224,0.8833333333333333,-0.4711043481130151,0.3333333333333333,-0.4220617261465002,0.3333333333333333,-2.592204771744606,0.016666666666666666,0.2269604167392325,-0.6094377600387996,0.6094377600388039
