dg_id,player_name,n_rounds,skill_dist,skill_acc,skill_app,skill_arg,skill_putt
493,"Duke, Ken",83,272.40994428695217,0.742021562786048,-0.23155939759810434,0.005197071437270332,-0.5058649572105833
653,"Singh, Vijay",101,284.12476821223316,0.5786744714208543,-0.1306217579647199,0.07971694491832074,-0.9839960952608432
863,"Daly, John",39,289.4345391153029,0.5745624109049676,-1.3009738367425607,-0.39831363853125784,-0.8725488661826296
874,"Els, Ernie",104,279.17340610171436,0.5437618795104324,-0.29214761901421255,0.16193742017993365,0.01875435724741359
889,"Estes, Bob",44,270.5408437173309,0.6304339231327716,-0.4388050829218784,0.12691007359714343,-0.26956698953443536
1435,"Poulter, Ian",150,283.98955925183157,0.6233487599280237,-0.1540309923623658,0.2895901194354228,0.6062466604105605
1547,"Mickelson, Phil",150,293.4683314895689,0.5799319482992702,-0.1212838491450676,0.018063235055375763,-0.10599058100114916
1804,"Choi, K.J.",150,268.8523766105094,0.6727679191737183,-0.10933762031137517,0.08040034823148537,-0.18402536696419308
1805,"Johnson, Richard S.",29,275.28296821036315,0.6037876014155733,-1.2403231028891628,-0.21947596866026442,0.009775195515533507
2035,"Chopra, Daniel",36,284.38835225915466,0.5319812168785512,-1.3867249909416803,0.15419967750351185,0.06979114385906589
2881,"Furyk, Jim",150,268.8182971730798,0.6820872115764589,0.43725714706242974,0.07329720708748874,0.03454790067861605
3464,"Love III, Davis",112,276.8938938913984,0.6266257886825,-0.44019739218281145,-0.20461471050411334,-0.4477241789239543
3846,"Jacobson, Freddie",61,281.14371777923145,0.5790796403441483,-0.3801762430428977,-0.11766373584092185,-0.02076096372825754
4052,"Westwood, Lee",116,289.51846305458673,0.6295145086757368,0.0054098019756004916,-0.19915610889587024,-0.08485643816878091
4107,"Wilson, Mark",47,273.2137110584043,0.7037803594917409,-0.8930708910724159,0.058270269889966524,-0.2624764621079957
4163,"Donald, Luke",150,276.9249286068288,0.5733410465219102,0.3298864508093805,0.16409013205632558,0.21294033974003346
4377,"Micheel, Shaun",23,272.18165134982615,0.6239289871626315,-1.3312909455973199,-0.43133663379556925,-0.6008375906021584
4425,"Cejka, Alex",150,275.7955078769195,0.6897017247102893,-0.1406840553626188,0.2062365533993613,-0.25322344202812996
4818,"Stricker, Steve",139,278.3874659731236,0.6941234402546745,-0.022744695986057807,0.4083504051510495,0.054036108383534606
4871,"Alker, Steven",40,273.5620553651672,0.6553347386605916,-0.2866265260444384,0.3437201347414567,-0.3537059134029713
4884,"Goosen, Retief",80,285.46501695779807,0.5383809838354923,0.2576952141923382,-0.04455096300723402,-0.3748109376435952
4949,"Allenby, Robert",32,278.5333854363328,0.6388774289794874,-0.447037556137532,-0.4578215961296347,-0.58518558870577
5151,"Kelly, Jerry",38,269.2764738846357,0.742340605090397,-0.07102438837054226,0.20007362715086274,-0.46560238232905604
5183,"Uresti, Omar",49,272.7983628519966,0.6707432860497126,-1.0305043021899105,0.2284110292557423,-1.4858873155149843
5207,"Senden, John",111,273.90558499068226,0.6180184224914127,-0.5806162881630867,-0.40812003820175635,-0.1191194226759424
5294,"Appleby, Stuart",54,272.79961036561366,0.6510047581498865,-0.20741261813195447,0.13128053442529178,0.09357212321312072
5321,"Woods, Tiger",132,289.25641868759203,0.6106796258344558,0.47461169035436673,-0.022769420301902987,-0.06453730411546696
5467,"Pride, Dicky",34,273.37396760764557,0.6616355694025132,-0.5978919442137001,0.18708173123158686,0.2519418869211082
5513,"Weir, Mike",42,273.70074532524393,0.6175835373888227,-0.35028585374556886,0.3883273044212027,-0.09090490723924076
5605,"Bertsch, Shane",24,273.0663751992913,0.6681395486653948,-1.3717849743996995,-0.14955979268535896,-0.2652299487952155
5621,"Herron, Tim",70,275.9965010974781,0.6274015081397118,-0.3705967090181439,0.012155830227361508,-0.3166348681792625
5625,"Chalmers, Greg",150,285.69956250432153,0.5769961009774567,-1.0147496974681662,0.12569314314699634,0.32469109292231135
5663,"Davis, Brian",52,273.9946747078819,0.6909003370733566,-0.5385401703353797,-0.216776776563386,-0.8049673287833045
5665,"Cink, Stewart",150,293.28162120799334,0.5403579808500649,-0.08951030630514059,0.025883708505729547,-0.09296673764494692
5668,"Pampling, Rod",150,280.88669165888564,0.6281649541378475,-0.45725475618036293,0.09981297819071223,-0.5524524321786463
5689,"Garcia, Sergio",150,299.29876675999424,0.626435715420925,0.12826592208765236,-0.021215671579890835,-0.2269375663815526
5698,"Ogilvy, Geoff",113,285.87507642047325,0.5856704026111026,-0.5457701123464365,0.05830461833212318,-0.14863560461512343
5701,"Atwal, Arjun",76,278.2727488213786,0.664113657478502,-0.7565300056832867,0.30877175654976075,-0.28396335006154994
5716,"Harrington, Padraig",150,288.1197565710958,0.5555999535497442,-0.07526709601060133,0.3010762738351196,-0.3742218068516222
5717,"Cabrera, Angel",26,281.0973086335443,0.6457758560130195,-0.3442917658524236,-0.5712149051624442,-0.12179928932824842
5723,"Owen, Greg",26,285.66295709954784,0.6028818013446978,0.15484753015580896,-0.13444377583705003,-1.0297717065576109
5768,"Hoffman, Charley",150,298.76287314031026,0.554773783280047,0.3148460905754672,-0.024984098498784597,-0.4095575922731531
5874,"Percy, Cameron",150,287.0745818959117,0.6248879268592986,0.2027833555792,-0.0015978378258309084,-0.23487795193741934
5905,"Wi, Charlie",23,280.4176494806558,0.6356168275582396,-0.8579810962269259,0.22616351279044228,0.29332534314952863
5951,"Gay, Brian",150,279.58353768880755,0.5701272332253033,-1.0021141343821351,0.008023666751222238,0.3676721783733777
5994,"Stenson, Henrik",150,276.0849771701933,0.6888272435126387,0.6127351471546194,-0.08371658099945511,-0.3306823133338675
6093,"Rose, Justin",150,285.5556557791177,0.6011271684622184,0.3436556582017853,0.1461533152546164,0.4626617129585996
6149,"Kjeldsen, Soren",40,270.69471871900754,0.6569867049210404,-0.05528919774823218,-0.1132703283933629,0.35535357513029264
6169,"Kuchar, Matt",150,287.2201424751489,0.6230053171690049,-0.037839208288259325,0.37156726970061404,0.24150144517719954
6222,"Henry, J.J.",150,281.13341824763177,0.6476150214422626,-0.2970687510952051,-0.11658158808573972,-0.4510019598212976
6248,"Campbell, Chad",150,275.6516657585551,0.6470482557555532,-0.062460285344886776,0.047641178408378324,-0.3724908133234335
6252,"Baddeley, Aaron",150,280.52630636615146,0.5591244386817034,-0.053705150301556585,0.37961415075181776,0.33308534209118323
6283,"Sabbatini, Rory",150,284.20550735130644,0.5715232148299625,-0.5404455526715559,0.1325889441723993,0.15953322567897957
6300,"Rollins, John",42,278.3735867183252,0.6326487660045087,-0.8221170661405284,-0.25496656016450936,-0.6652699373385375
6301,"Beem, Rich",20,283.343784741594,0.5856467861208156,-0.9031838655259908,0.0216135177620728,-0.04396715399083817
6321,"Gore, Jason",21,279.68344061297523,0.6638025444083577,-0.5630473036118053,-0.4044122169684851,-0.24487721288129016
6419,"McNeill, George",92,283.08750106269275,0.5710351792060964,-0.10908028957607818,-0.08891469301833464,-0.41924993863258886
6430,"Scott, Adam",150,300.503249513368,0.5370900754254848,0.045395412091293996,0.10377502145163525,0.40659450646195494
6457,"Van Pelt, Bo",125,286.5447892550409,0.600282778458441,-0.3265596477049832,0.04898071396691048,-0.2757537123919286
6462,"Bohn, Jason",80,269.8115767243861,0.6209355793758173,-0.3968595826281284,0.024638670268348418,-0.1854259620955496
6516,"Bland, Richard",22,288.06047843413785,0.650463897460531,-0.10936394867253929,0.1876629744739483,0.08942539665999932
6629,"Yang, Y.E.",42,283.0226393906507,0.6121596901529203,-0.5383514286293588,-0.35369145370696964,0.16605451522001352
6674,"Crane, Ben",150,279.69318822217383,0.5953386875647051,-0.4929008578485347,-0.13977934600459926,0.1955615795121921
6761,"Points, D.A.",150,273.60822701506424,0.5735163213727363,-0.5758516441118592,0.053071295181995555,-0.10042531082096437
6762,"Perez, Pat",150,280.7141316033501,0.6234912864604365,0.21398159310485163,0.339495195714517,0.2778540386743146
6789,"Garrigus, Robert",150,293.9807864448415,0.5382132640052715,0.1294740623764441,-0.4718534352917035,-0.47437736227021493
6840,"Ridings, Tag",41,291.78769189242695,0.5879250821579628,-0.3557849581341452,-0.034458322320919894,0.13916794502088706
6846,"Barnes, Ricky",150,278.278171561945,0.5153301350846661,-0.3664567203444752,0.3971977883254626,0.2349647015948237
6892,"Howell III, Charles",150,296.8106181817998,0.6186423050338683,-0.11504074677281917,0.32159254030853257,0.003347658493292889
6930,"Taylor, Vaughn",150,277.470174313628,0.6811870870098794,0.14450546612058224,-0.006311390675687097,0.07538897857051895
6931,"Byrd, Jonathan",150,284.01666501302583,0.6014436561256797,-0.1999763728010618,0.38190381065481144,-0.13491919188899537
6986,"Johnson, Zach",150,281.74207524060563,0.6527952684353342,-0.19715389249944254,0.08226181923699054,0.17585332792663425
7046,"Tanihara, Hideto",20,276.3907004868894,0.6092973631537254,0.19705744894905913,0.23776415446127835,-0.02089090820646855
7048,"Pettersson, Carl",70,276.7954001954773,0.5214355765997702,-0.9513847781352808,-0.018550386779644046,0.017805794177236302
7053,"Bowditch, Steven",52,280.6560247821672,0.445689846001099,-1.3446454073425649,0.029738338277092102,-0.2334344677543867
7097,"Wilkinson, Tim",103,275.41608353673445,0.6801816120365127,-0.2331244745197159,0.3292362122775539,-0.05203774161545357
7108,"Casey, Paul",150,293.32206997721875,0.6019186607032827,0.8497079157255193,-0.03370402368427814,-0.11912226416584906
7207,"Fritsch, Brad",34,279.5035949637952,0.5630812604872721,0.18659196459441674,0.1483425883998203,-0.8497858480572333
7236,"Trahan, D.J.",145,290.6309511977003,0.5703055518492722,0.19413167097985273,-0.08113048473184734,-0.6989054963313162
7292,"Molder, Bryce",55,269.1456715019911,0.5672992131255189,-0.4904179533561981,0.313668500486657,0.3727161767666421
7293,"Walker, Jimmy",150,295.4347701349437,0.5125266807659182,-0.0773658182008695,0.08939396774221572,0.03229241926437888
7301,"Dufner, Jason",150,290.5385877271558,0.5777987437490686,0.11539797496742181,0.08853614943609267,-0.6697749333126433
7305,"Gutschewski, Scott",40,290.36819125606644,0.5963597956324642,0.22672751195071933,-0.0670823795746486,-0.38095018935773445
7326,"Vermeer, Ryan",24,289.5990993189288,0.5224867101022832,-1.5875968127267104,-0.15013502504823795,-0.9307793292124347
7334,"Watson, Bubba",150,297.11595599666555,0.6137078969463056,0.07296147676606994,-0.07194077250208897,-0.17088052756829242
7340,"Hearn, David",150,273.58422882867023,0.6445338425439183,-0.239057549752288,0.05812044836820842,0.08289880609246876
7398,"Schwartzel, Charl",150,290.1067912813823,0.5640726344609962,0.15552563890894175,0.1053563492030068,-0.09954118591487507
7399,"Glover, Lucas",150,288.22892569391735,0.6666440356900115,0.6061623975034629,-0.09898628292187732,-0.36569784562437996
7403,"Weekley, Boo",89,282.2748405211847,0.7264616898508841,0.5402479939889439,-0.33483460184113895,-1.0655553882503346
7452,"Na, Kevin",150,281.30830308113957,0.6265514026768529,0.3666357125847961,0.4051065731013219,0.17985138172031112
7457,"Cabrera Bello, Rafa",150,285.2453091204744,0.6362816189596926,-0.39518976727148714,0.04739487702285972,0.1383431120967149
7470,"MacKenzie, Will",33,279.646933020458,0.6090257594046607,-0.4674826933574061,-0.269520461483871,-0.3709956161913146
7489,"Moore, Ryan",150,280.56800270331325,0.6960046232612714,0.3451949927456505,-0.13871957059208487,-0.12503597064082342
7532,"Ormsby, Wade",20,286.1968307418991,0.6416348738840056,0.08507078940959276,0.15103688034355,-0.5098235965264407
7548,"McDowell, Graeme",150,279.5817456317507,0.6101597486812118,-0.032489164695687286,-0.15637783664694815,0.137676529734307
7602,"Stadler, Kevin",71,283.4803655048517,0.5703884978864235,-0.5287105129268509,-0.5909446579432976,-1.5777914010182836
7617,"Thompson, Kyle",36,278.7929872072209,0.6152598885549309,0.0889752227383142,0.006401676488704997,-0.7490655728877841
7626,"O'Hair, Sean",150,287.6324712974298,0.6321590989177653,-0.3264916467125548,0.09820301749941283,-0.16654406652662687
7636,"Mahan, Hunter",150,291.4926630850342,0.6031108384564441,-1.0371784849061612,-0.6483694648483919,0.27484136651740865
7649,"Leishman, Marc",150,296.4532351814187,0.5448645845447886,0.09102990051617815,0.05256185040941711,0.20216611061331619
7655,"Molinari, Francesco",150,285.9653752998651,0.5968296469299299,-0.03242738394463285,0.023894578505230413,-0.1482621758627023
7672,"Oosthuizen, Louis",150,288.73225372518675,0.6311203324266483,0.13911396724609532,0.13565253991027082,0.4395390158898646
7677,"Norris, Shaun",36,288.3745253863322,0.5619527916499255,-0.1797003798285249,-0.8271853606246847,0.14726532940803017
7741,"Marino, Steve",41,284.65287893767373,0.6217132197440091,-0.4399842175479876,-0.11471708542299958,-0.4285483492913124
7744,"Collins, Chad",83,272.9721548118014,0.6395434538220317,-0.0553893780313057,0.15916727672014713,-0.06623589898034218
7751,"Romero, Andres",53,295.92443951378533,0.5864911439121728,-0.38083026178803564,-0.27963248903064636,0.23545549734904542
7820,"Palmer, Ryan",150,295.23705110763444,0.6314202331103386,0.2138357187253682,-0.06115400741648442,-0.29500617938446605
7881,"Kang, Sung",150,286.7414403820278,0.5683457437748385,-0.36766090395127604,-0.1390270557190789,0.06161900941740581
7899,"Piercy, Scott",150,288.97449414433197,0.5879736633895898,-0.09254300627729663,0.049784448645627546,-0.0026026751632989426
7900,"Haas, Bill",150,288.44279631939526,0.5599664514149957,-0.6162478110060069,0.25848983740085824,-0.06483732466077617
7927,"Wagner, Johnson",150,276.5056639206153,0.6433145867741129,-0.2816544438435877,-0.1296149121501961,0.48696410978859495
7954,"Matteson, Troy",20,291.17698927012214,0.650357990204408,-1.1813741941071692,-0.7234769488392373,-0.9974853220417867
7955,"Watney, Nick",150,285.0927247336653,0.49086025651271425,-0.02425015468562656,-0.23177235785244948,-0.1899631276852502
7959,"Holmes, J.B.",150,293.6228285026437,0.4876882253972622,-0.3237103454832146,-0.0911284914348592,-0.2983892649863111
7960,"List, Luke",150,304.194245226882,0.526968169504095,0.3326720443821941,-0.17471857680944486,-0.8431965385081751
7961,"Reavie, Chez",150,280.2417477989589,0.6697366165557923,0.5277513989850411,-0.1629262642085016,-0.15039193592702052
8002,"Oppenheim, Rob",150,278.5054003841278,0.6222565404207445,-0.05852496770330304,0.25817521976260704,-0.08566426831166161
8024,"Axley, Eric",25,282.12029269839576,0.5755723095733459,-0.6202686884806217,-0.29984769414767565,0.15390616399310714
8085,"Teater, Josh",130,289.57393698995077,0.6529216498556826,0.15457427903484952,-0.12570083184789366,-0.2808295430739862
8117,"Kaymer, Martin",109,284.8615052775038,0.5766893235544944,0.2799429605871661,-0.11475698187395027,-0.0016281011599227815
8182,"Blixt, Jonas",150,291.1367285757999,0.5942475854857638,-0.9271330776663501,0.05204306163365617,0.21155104244405964
8199,"Levin, Spencer",69,277.069663025354,0.7112108369473585,-0.0009386142152389421,-0.11245059774458996,-0.10919402671124638
8236,"Ikeda, Yuta",37,282.7002633639882,0.6076033554323582,0.16066982591271856,-0.1266946473711757,-0.6651002024561882
8262,"Fdez-Castano, Gonzalo",33,283.87921043471783,0.5396533748113584,-0.25035501635536006,0.1213636852688086,0.19000361834191398
8263,"Perry, Rod",22,263.8887446044223,0.6066035198416216,-1.5961659855273789,-0.5782529553051025,-1.351907328994215
8469,"Armour, Ryan",150,278.6818087650389,0.7047868772763805,0.040631258930250796,-0.0830006552539014,0.03850076910558966
8479,"Harrington, Scott",150,297.5432348582212,0.5700238365934143,-0.43099391687482425,-0.09012675419291895,-0.3253318382236619
8480,"Streelman, Kevin",150,288.38255191446,0.6166117556179742,0.24488887279736035,0.2067629895635916,-0.12410545435414111
8570,"Carballo, Miguel Angel",34,285.401377081635,0.6447828532439562,-1.1389682880960024,-0.20985710835206073,-0.31722867366053276
8571,"Gomez, Fabian",150,282.5124175036036,0.6388966072619622,-0.32499807222564703,0.14377994823597476,-0.18206798166988739
8605,"Jones, Matt",150,297.3328915734904,0.5432745620621259,-0.15044492537661353,0.3856586521208158,-0.1014152591013901
8767,"de Jonge, Brendon",60,270.83513024722185,0.504596590478316,-0.6984397729105092,-0.03518411651370331,0.22003644610035195
8769,"Potter, Jr., Ted",150,279.817063343546,0.5675171745173273,0.13101623244868527,-0.19860737228147138,-0.4243193170590782
8820,"Snedeker, Brandt",150,280.49930843232954,0.5956283683646203,-0.158723616750302,0.2194342617519821,0.10091402505315361
8825,"Harman, Brian",150,289.65115388237143,0.6407475882683339,0.023005394679232904,0.15243965992741737,0.4208211642705867
9133,"Larrazabal, Pablo",24,284.9673623205615,0.5194057968861043,-0.9085885421962567,0.09061258255754312,-0.514687522537171
9168,"McLachlin, Parker",70,275.35269945695296,0.5474130149114205,-1.4563930716457152,0.2833504010264952,0.25521512737289753
9171,"Villegas, Camilo",150,282.1048572883667,0.5541959107994376,-0.15023897734905214,0.27908008055999195,-0.3518205926086692
9396,"Fisher, Ross",48,292.71864298568426,0.5931102773367969,0.6425202956765927,-0.42023336972228703,-0.48135234745225475
9531,"Wiesberger, Bernd",83,289.350100147563,0.6031807415554157,0.30470634717698014,0.33493385789318564,-0.5899973180213132
9584,"Merrick, John",60,280.06189324638945,0.6382512857807683,-0.059194197587012366,0.03774462740249428,-1.0960974562876817
9586,"Laird, Martin",150,283.4724496545524,0.6622854580756041,0.1415020950309095,0.10769747412708572,-0.316658274623717
9604,"Stroud, Chris",150,283.84285620777337,0.6211499594963967,-0.007886568234872725,-0.06051234280692491,0.028199774849998957
9643,"Blaum, Ryan",150,283.12820410940236,0.664497520638794,-0.2243102678932717,-0.01722477520927186,0.027565517287995167
9675,"Lorenzo-Vera, Michael",20,293.37073125604593,0.5257497095008412,-0.32990922860160204,0.12701131727292705,0.19840386941682744
9771,"Day, Jason",150,294.3885871928496,0.6016341389776697,-0.17607472602904084,0.2811093297500064,0.188375274757975
9842,"Zanotti, Fabrizio",20,290.2072599186394,0.6326629518730305,0.04732172888680649,0.20457188182678046,-0.4599556544453941
9883,"van der Walt, Dawie",58,290.1649418605247,0.5992037136829774,-0.12587603471233966,-0.4104465767673515,-0.09493772221127933
9913,"Van Aswegen, Tyrone",150,281.767214454236,0.5981039513385915,0.2536879897219692,0.08997937036130568,-0.1587053518544429
10081,"Bae, Sangmoon",110,288.67636993066964,0.5361682859661111,-0.5283059255735516,-0.2714262260039484,-0.08509185046735171
10091,"McIlroy, Rory",150,308.4932384523213,0.5398232739987808,0.656646653662462,0.23602064923103117,0.28020163317792457
10104,"Power, Seamus",150,291.00777039029504,0.5808025688522871,-0.17276716899294595,0.02137133210142994,0.21834157891003603
10158,"Luiten, Joost",38,287.88496857060164,0.6131651214175567,0.4597939311423895,-0.318981132008399,-0.2900471362111316
10185,"Every, Matt",150,288.56898196681504,0.5530103012586645,-0.6925867575127689,-0.5023383094805466,-0.29055043146463894
10252,"DeLaet, Graham",78,289.6159804088264,0.6111823430863844,0.3664968782015684,-0.40809002730354843,-0.14460485978164478
10292,"Wheatcroft, Steve",79,283.91888166971137,0.6923196945005461,-0.32184606576274255,-0.1878006181877739,0.0798272114072335
10419,"Noren, Alex",150,288.27164802991604,0.5386771860741381,0.07026409162866282,0.30411209209963364,0.5866309952593693
10423,"Brehm, Ryan",150,298.5342698318419,0.48088640557868884,-0.4765865281560777,-0.3949781388182678,-0.1274308557826322
10486,"Claxton, Will",23,277.6205045319296,0.6032768414212921,-1.0781677951661053,-0.8146411784634974,-0.28827396898919666
10535,"Flores, Martin",126,290.183424781948,0.5611202909612436,-0.11267040195338242,-0.12039468854443097,-0.14452487035762765
10622,"Mueller, Jesse",22,295.16989107695696,0.5482802748397553,-1.221384004754971,0.20985787659612581,-0.8776649918256813
10873,"Skinns, David",57,288.4822573635129,0.5021563310038867,-0.036549923781711555,0.023687829671075553,0.11112371342462274
10877,"Goya, Tano",54,292.7709098410914,0.599628828884208,-0.37731259056628336,0.2531236281997675,-0.12150221552159865
10886,"Harding, Justin",40,286.5014606583477,0.6300786007306265,-0.17519963235787814,-0.23243617125463042,0.29349729631825644
10943,"Lashley, Nate",150,287.7576001970132,0.6192560784914637,0.2548134423486925,0.040214495975612344,0.07175336085735073
11019,"Steele, Brendan",150,298.3985412455615,0.6146912906571077,0.46185170649948043,-0.14691678404161537,-0.4463285730655058
11046,"Hurley III, Billy",150,277.2115107996907,0.6101572181251971,0.06120235639315281,0.1873302266670841,0.165979029555307
11048,"Saunders, Sam",150,292.7502918914698,0.568785009852568,-0.0982789147758453,-0.3159829383427669,-0.07646934706565627
11049,"Simpson, Webb",150,287.81726749977406,0.622908442878465,0.1806150121224246,0.10481954571211291,0.08826937081649783
11082,"Burgoon, Bronson",150,287.87858768289533,0.5624781400606271,-0.038847991199828916,-0.04952390340635632,-0.08177488157514325
11117,"Noh, S.Y.",150,292.7086207029641,0.5174316693572912,-0.08802817196616883,0.16394416852892757,0.29143582603783885
11276,"Horschel, Billy",150,292.19738562049463,0.626272497702249,-0.12469078630827887,0.10651285720445082,0.30402551193070865
11328,"Kisner, Kevin",150,280.0580297784728,0.582866463952345,-0.4221787211019338,0.11176462236851369,0.3087520636135699
11329,"Reifers, Kyle",84,281.0746422315179,0.6721306955586608,-0.5016988883522013,0.17413363531461115,0.035244221777891556
11330,"Brown, Scott",150,285.11402424867083,0.6268550172829541,-0.18979062529396806,-0.16344330204932017,-0.05292914433899017
11354,"Stegmaier, Brett",104,289.04723565778295,0.614370473355209,0.026375889168798156,-0.39262186800908594,-0.03146489700066375
11357,"Uihlein, Peter",150,296.8166041519499,0.46234598792028764,-0.11146611312132484,0.12822433815547613,0.16762481358261677
11374,"Hahn, James",150,289.20923660110765,0.6475827618411246,-0.16119578654129016,-0.20588403929381505,-0.1847456994045799
11382,"Lovemark, Jamie",150,289.50961065370973,0.48992048589350007,-0.4106911153160648,0.29705582980611267,-0.19064400018445365
11451,"Garnett, Brice",150,284.2995602998635,0.6549088678598015,-0.2184226137576729,0.05397128432142058,0.12784301709829465
11619,"Bjerregaard, Lucas",54,295.95294017099656,0.539172116320072,-0.46549597207625554,-0.2039066573597616,-0.38567384674528077
11640,"Gonzales, Andres",53,289.10097133983356,0.5385312216210277,-0.2606468372843756,0.13613234831780308,-0.22473572369887984
11657,"Norlander, Henrik",150,284.6615485980839,0.6250624322051429,0.07816635355582187,-0.007874892958753942,-0.4622365740947514
11676,"Finau, Tony",150,296.2703050074927,0.5940096932712958,0.7058087908071043,0.18338087453272445,-0.03173166716055481
11677,"Aldridge, Tyler",22,279.73005636656507,0.5721577754678563,-0.4434023726313451,-0.16419014187639314,-0.9229835829554767
11702,"Kim, Whee",150,275.8014727726535,0.6190383570845558,-0.13478574544325164,-0.05868956284010324,0.3277895321819253
11826,"Lee, Danny",150,289.21720928451117,0.5980943145478597,0.15192664649379148,-0.33979332765354703,-0.2172257541917551
11889,"Fox, Ryan",76,299.99325246963474,0.45613798160759716,0.12025327527197051,0.10535671125623179,-0.09209804465407916
11911,"Etulain, Julian",93,284.44682086809473,0.5593347340019477,-0.33997285133591143,0.102423701036921,-0.03855454580409991
11952,"Grace, Branden",150,291.2809363661059,0.5842915588889575,-0.059963184857728904,0.16481247700598284,-0.19045312535202896
11955,"Frittelli, Dylan",150,293.96158313737874,0.44397573626593234,-0.38150440365168914,0.05410112206939482,0.052578008029670754
11983,"Thompson, Chris",36,289.23450100422514,0.5655940798743071,-0.4116032228913311,-0.04652262449751251,-0.4605947190380175
12069,"Stanley, Kyle",150,285.55147050177897,0.6327935137539265,0.21396253506358273,-0.22895693892953056,-1.0081442858531715
12131,"Anderson, Mark",110,284.84416217134356,0.633101312099341,-0.0519939444019362,0.07255800487698515,-0.05638159831659183
12149,"Knost, Colt",51,272.98287008423847,0.6902126612224913,-0.6580771882653641,-0.32242530570811145,0.08303048300118303
12169,"Gainey, Tommy",89,287.91595356796614,0.5920960705418518,-0.2095101416134281,-0.4496589053581475,-0.18544836385705116
12232,"Ishikawa, Ryo",67,284.4280781526725,0.511977789481255,-0.547745224993389,-0.025614304588657565,-0.39040885395281394
12294,"Fleetwood, Tommy",150,290.7273784414308,0.6284663783735104,0.3658079944570632,0.32946054648315815,0.401091177966158
12321,"Aphibarnrat, Kiradech",150,288.62125674397726,0.6396788887781684,-0.46250676904296023,-0.07051102677299087,-0.030700618772493485
12333,"Block, Michael",24,277.4877921978779,0.5367377275568218,-1.3815886743963368,-0.9356693074445749,-0.12499383722388538
12337,"Kokrak, Jason",150,298.5695705689084,0.6089239206895993,-0.0024164728771314675,-0.12501018011875772,0.37262823552162333
12339,"Prugh, Alex",59,293.93800232955067,0.6477850400231263,0.23667439064534407,-0.32656383819449475,-0.3472620024623361
12359,"Stallings, Scott",150,293.0630104677469,0.5583535339899472,-0.11161189723366803,0.16509143487029804,-0.0606568952795751
12414,"Schnell, Brady",41,278.9313019239356,0.6747544803471848,-0.23726272814963872,-0.13624845221268125,0.009114227570962967
12422,"Johnson, Dustin",150,302.34205661822926,0.5722405422460501,0.391263166834548,0.09619669553917534,0.11103306254317084
12423,"Kirk, Chris",150,290.11613453605185,0.5947078591954216,0.22052855310729252,0.28849417693237034,0.09649415261600816
12424,"Summerhays, Daniel",112,279.4213684606618,0.5409290492338427,-0.7846529563292061,-0.16805321729632003,0.44557040329819014
12425,"Todd, Brendon",150,276.2685618776448,0.6847753160531077,0.09346711200609067,0.34310234079767854,0.501439735848507
12451,"Wood, Chris",20,280.8645435438668,0.5701623988370575,-0.3709885173019475,-0.17076211281474787,0.38147437612635715
12477,"McGirt, William",150,279.7425657989045,0.6316571749381316,-0.17789437846330358,0.24512683711309127,-0.009792405041815416
12577,"Woodland, Gary",150,297.1882231682387,0.5748120492014297,0.5607196954371136,-0.1529104742967718,-0.36371062017346933
12643,"Castro, Roberto",132,278.5317473461833,0.6750285642646962,0.2578219951601712,0.07258884179421697,-0.37111963680027166
12669,"Lahiri, Anirban",150,291.6547819981793,0.6178884153296085,-0.1924207475410344,0.08847398100084228,-0.11057934068878969
12689,"Fathauer, Derek",145,280.3086466377151,0.5748268424418669,-0.49646612165999104,-0.08545037687524104,0.17612264939112618
12734,"Scrivener, Jason",22,294.91377550533616,0.5782494626536402,-0.19698625676775786,0.17528637319844875,0.6793408983029344
12808,"Grillo, Emiliano",150,289.455659835112,0.6183707677988987,0.25126556796845645,-0.16479364706787747,0.13764724135911924
12846,"Herman, Jim",150,283.6422313475928,0.6785917645800571,-0.3780641079198861,-0.2843316547122875,-0.46356431654799424
12855,"Rodriguez, Jose de Jesus",53,287.0363197203575,0.5953528941829578,-0.6125423575493041,0.11554472872789964,0.004414256163955296
12909,"Campos, Rafael",69,291.94156999752875,0.5680245046831328,-0.45933846283326485,-0.15180045159690986,-0.20697862443502651
12920,"Willett, Danny",150,286.7697157070204,0.5814747234438692,-0.4134101834338666,0.223308648143154,0.037169028396434704
12946,"Thompson, Michael",150,282.3646527972369,0.6524305461195279,-0.11558876034216467,0.07044877199595832,0.1478908086589787
12965,"Fowler, Rickie",150,291.79519833740426,0.5883770255863074,0.41882231426719424,0.25661275812140966,0.1620457040655536
13022,"Stuard, Brian",150,272.05079043011887,0.6464848704920181,-0.03764633775813059,0.15488861091024286,0.008159330945725213
13026,"Zhang, Xinjun",150,286.1686561848045,0.5852965291415237,-0.16681489426234472,-0.06463753076110437,-0.24590495054374079
13118,"Beljan, Charlie",46,296.20851198714814,0.6622448919292226,-0.7694604183455603,-0.5954533185701832,-0.9896650103828338
13126,"Taylor, Nick",150,287.23770896856195,0.5873514157113899,0.21773454031508002,0.095206335927582,0.07663803616765501
13127,"Tway, Kevin",150,298.13661512555956,0.514922138936288,-0.34213306243316816,-0.0359667873312358,0.128559595058807
13305,"Chappell, Kevin",150,296.2826836365346,0.5378141323843026,-0.17356593228853517,-0.0639789432014912,-0.08321547150766849
13342,"Gibson, Rhein",72,284.4038167037862,0.5480454370335632,-0.7633576325956215,0.05802845040562775,0.5403031470889204
13367,"Merritt, Troy",150,288.44362354667743,0.6388655953306911,0.04464896894407326,0.08409625927342791,-0.19263432978032624
13404,"Gligic, Michael",150,294.5991959147573,0.5247772039380846,-0.37162129154360546,-0.2861631703270282,-0.03300281102373095
13412,"Olesen, Thorbjorn",58,290.0549226251093,0.5532756121347526,0.024542354073892547,-0.05416039209547045,0.05582098557383384
13470,"Kizzire, Patton",150,289.96056878448064,0.5607154034164261,0.055548759788379316,-0.03393765143120833,-0.13439661201647574
13485,"Imahira, Shugo",38,284.63386499985876,0.5791011084083998,-0.49764505884549914,0.06270263330072934,-0.390302482037116
13497,"Lee, K.H.",150,290.8834880401039,0.5585295441292686,-0.015181666992213802,0.19395450824730281,0.047510146685307425
13508,"Vegas, Jhonattan",150,300.92170449829365,0.5253113447158804,0.3859837431788962,-0.17409641990137475,-0.2823102465886056
13531,"Kodaira, Satoshi",150,284.00959983263886,0.7135367139464578,0.10712259789656477,-0.09376414266522548,-0.1484996315507035
13562,"Matsuyama, Hideki",150,290.484536732048,0.6085461519153228,0.6583233156305488,0.26887976440039035,-0.11446977669392402
13760,"Piller, Martin",99,282.3563667756663,0.610871202411785,-0.8929237014124582,-0.09522122110762118,0.2602026582917292
13831,"Knox, Russell",150,281.62563657481036,0.6150119703496795,0.45564259078017944,-0.034777217002128796,-0.33916496062682766
13872,"Bradley, Keegan",150,296.6055661306749,0.5721346784309592,0.23799568629913376,0.053858131888962074,0.24053304412498464
13900,"Lowry, Shane",150,291.8500507845415,0.6284716893083033,0.4726730643744862,0.1895157705153323,-0.022379207036047212
13944,"Pieters, Thomas",92,296.137058642233,0.5430009769712935,0.15083589594432695,-0.03988187655709337,-0.10218786989981869
13965,"Hadwin, Adam",150,287.282982986926,0.6177938537250426,0.1355658374128732,0.08937362511009761,0.3191008385718437
13971,"Baker, Chris",71,288.85964303106294,0.6698952234326551,-0.015572536823884067,-0.09092661507267011,-0.3733137983763361
13997,"Svensson, Adam",150,287.93538486582906,0.635280614065293,0.21272438370742808,0.0030321880903542986,0.20103640111669308
14000,"Landry, Andrew",150,284.4292265214491,0.6485335508240677,-0.9142304615469263,-0.32706262873846503,-0.06818820379213766
14002,"Alexander, Tyson",63,290.40434154134897,0.5096202164591929,-0.27108449587169947,-0.014697451085737152,-0.23955469714134767
14007,"Martin, Ben",150,286.3558937645683,0.6128583154435044,0.18901613918989563,-0.2549572087867438,-0.11241478345188882
14012,"Stefani, Shawn",150,282.9659750168811,0.5942106734214013,0.1403393105324766,-0.010998981495650453,-0.1756126397209279
14013,"Tringale, Cameron",150,292.39564540422765,0.5751910346733731,0.2706028112884834,0.09677965830121704,0.2315594505583941
14016,"Campillo, Jorge",22,288.15318313655797,0.4778008917120458,-0.7228005473757796,-0.3259225061140996,-0.3481898787465864
14036,"Sucher, Zack",92,291.4058255788562,0.5492212209848477,-0.1598415996102706,-0.027882429492838874,-0.17335928856731672
14050,"Sloan, Roger",150,288.6346905820451,0.5942688341750284,-0.1478152636360487,-0.019336228384158195,0.029704840157275134
14081,"Hoag, Bo",150,287.4608165387579,0.6056650134801852,0.01113554133833023,-0.03682048037576579,-0.055961066183118226
14082,"Hoffmann, Morgan",137,280.00371475663474,0.6107349117787823,-0.5208616797402388,0.16625608991343008,0.026372018723831697
14139,"Thomas, Justin",150,298.05022379122954,0.5569325310606162,0.3713349528432064,0.29771994699581694,-0.10467705285297574
14140,"Higgs, Harry",150,293.14458822400735,0.5334892310337391,-0.6934301467076769,-0.021252301334536865,0.21032895700493415
14181,"Detry, Thomas",88,292.7522147699451,0.567443485012548,-0.11914709781520536,0.07898713512458647,0.3865261353691395
14196,"Meronk, Adrian",34,293.1754363727148,0.5578703881554173,-0.19260733481897133,-0.12438307720547354,0.0241433148852239
14368,"Janewattananond, Jazz",42,279.04098892296383,0.5361712359506007,-0.4632196329315448,-0.41570356060264996,-0.5053371308153887
14424,"Burmester, Dean",47,303.71396428494955,0.5186543851024946,-0.3097784172342201,0.2831701861639814,-0.28991177821555586
14459,"An, Byeong Hun",150,303.898327603939,0.5361196392586312,-0.08669313274034214,0.3382916457684343,-0.3051098704040107
14502,"Cauley, Bud",150,283.52335829517716,0.6018968061540334,0.24446523368901496,0.4595216007045788,-0.011136389774572476
14509,"Dahmen, Joel",150,288.94853728726616,0.6051145955223804,0.06278934830795899,-0.0835427068348777,-0.4544888459776779
14577,"English, Harris",150,284.0770846345568,0.6204274611210088,0.10805746791515058,0.2274909336647954,0.4064398176209297
14578,"Henley, Russell",150,286.2810879161216,0.7019195136088281,0.6208805376884217,0.3478051534355586,-0.1247558761744301
14606,"Huh, John",150,283.4768725558486,0.6334252488846736,-0.11886958940276873,0.12937543694435175,-0.15656129325043505
14609,"Kim, Si Woo",150,292.38010310066437,0.6713652458255351,0.3570573146208439,0.20033005746254479,-0.32131527117668274
14636,"Spieth, Jordan",150,297.2133334910527,0.5698242508158878,0.24701502112770576,0.29089310820996167,-0.02757270949716103
14655,"Murray, Grayson",150,298.0648239075199,0.5480612246671954,-0.2738131243569073,-0.2618768684841568,-0.6160880821629002
14666,"Johnston, Andrew",20,289.90638778104795,0.6118804393478801,-0.5044935663247013,-0.6679874400832413,-0.37096591832372106
14696,"Wilcox, Willy",26,284.75214149845186,0.5899084373348449,-0.20213857929653828,0.07700807583190493,-0.6405937637416995
14698,"Bramlett, Joseph",150,301.94234916870766,0.5102693031434683,0.27471029581195033,0.11060750771206847,-0.5670711675843078
14699,"Curran, Jon",43,271.9256585912489,0.5895047406684734,-0.08915539436522968,-0.021744793603234485,-0.3104806702200917
14700,"Langley, Scott",68,268.80501042721545,0.7156422675476265,-0.4613871643435039,0.19070085190402053,-0.02864810000950141
14704,"Putnam, Andrew",150,275.682384912296,0.6219134976074714,0.3821222066449548,0.1638299173315545,0.5158116409498342
14706,"Swafford, Hudson",150,293.2286768501415,0.6010084266536041,0.16460661905477786,-0.5546266221850915,-0.0075132855748311494
14735,"Ortiz, Carlos",150,295.9065050596516,0.5790215407068945,-0.14042378907626876,-0.13719962037243005,-0.11063511964677294
14775,"Bjork, Alexander",26,275.82865631222444,0.5875381302179665,0.583610595249717,-0.04332132047496137,-0.052073427923744836
14776,"Cappelen, Sebastian",73,295.111568398735,0.50439973898822,-0.8546841508045017,-0.4027156460226947,0.048352784599328284
14796,"Hatton, Tyrrell",150,298.12275539814584,0.5673046589190863,0.3574244890479592,0.18497787230400825,0.4821827139512483
14797,"Chin, John",44,293.37890563429664,0.617036801195991,-0.6412875078826796,-0.3201926824637765,-0.1612328468627594
14799,"Barnes, Erik",36,294.8055524280272,0.4928288926953258,0.14541690439034702,0.01821904465776562,0.06942669817425891
14815,"Lingmerth, David",150,274.91426522786173,0.6669550819944372,-0.1534670141890833,-0.03967061478944414,-0.02045150959316312
14837,"Randolph, Jonathan",104,279.28994409781103,0.6144091330017869,-0.5001259068717816,-0.12953237223420028,0.14646009089412246
14838,"Reed, Patrick",150,286.6779370165332,0.6036636910432903,-0.09674152350956097,0.3595391269587844,0.5731388536900265
14852,"Streb, Robert",150,291.4420459756392,0.5788551633739801,-0.27443673581818623,0.09737569389905118,-0.18639036162814995
14926,"Malnati, Peter",150,292.22636665095035,0.4963346745728423,-0.2537873624204409,0.22625944695700756,0.3450149494077991
14967,"Hadley, Chesson",150,289.8868909878846,0.5786674561732498,0.14300473286559523,-0.27915790369127313,0.43193311460097333
14975,"Otaegui, Adrian",24,279.1253770687882,0.6015702409480743,-0.43791439462701665,0.31072411400822564,-0.24636121794737076
15004,"Kim, Chan",34,297.3658143687845,0.5858428982953677,0.06010656830513201,-0.09632012321240022,-0.8162842107932965
15016,"Schwab, Matthias",147,286.9532658994132,0.588698310436533,-0.3489639351868204,0.25689965129998477,-0.33628929889021236
15113,"Pepperell, Eddie",30,278.25255982474323,0.5949130072334599,0.09231585274319477,-0.024704355240943155,-0.1852771351569323
15162,"Drewitt, Brett",87,281.2238240545971,0.5687517529067826,-0.18351473618569558,0.06394008056897034,-0.34416881358937784
15164,"Lewis, Tom",112,293.6128150278613,0.5731258001599223,-0.11439458871190533,-0.18451355531993147,-0.11154022618740295
15229,"Stone, Brandon",32,300.82050776037204,0.515589337132172,-0.8310047072659198,-0.7451659867571943,-0.16848653507067188
15239,"Ledesma, Nelson",59,284.4235720665711,0.588536013521082,-0.377651624576263,-0.17997048536095347,-0.2753955318719335
15310,"Li, Haotong",75,292.4583966718417,0.5228097937970316,0.02910741379514798,-0.3565621955446331,0.026594459569216806
15318,"Loupe, Andrew",63,294.7114006848881,0.46269786584303385,-0.5196247435999529,-0.5434125925726521,-0.4931352058264576
15326,"Sullivan, Andy",29,292.01252192744647,0.5820190457014869,-0.6421268486020122,-0.30923520395185355,0.5830258433708821
15330,"Griffin, Lanto",150,292.2442510404463,0.6200589774042445,0.01980963369618932,-0.17751445093210783,-0.01835836528724015
15394,"Diaz, Roberto",121,282.23347516667485,0.6865297565458538,-0.3339495077914711,0.04428495235322619,0.07646127224717254
15427,"Harkins, Brandon",150,295.28987373163653,0.6064707857080869,-0.023551783138389584,-0.012646158143423153,-0.136169174541471
15466,"Cantlay, Patrick",150,299.2993268217517,0.6363997582895614,0.5084828382246311,0.23493578454872915,0.2966412379828095
15470,"Hossler, Beau",150,297.0876589286589,0.5848472645062709,-0.4568897516700243,0.17923215803945697,0.368469523468853
15473,"Long, Adam",150,283.1992354305114,0.6808825104115548,-0.31152673998131736,0.15371170070819784,0.36498722054539895
15475,"Pan, C.T.",150,285.56933031553865,0.6282872140411521,0.1352257439659127,0.004867169817039052,-0.11646254855024676
15556,"Hughes, Mackenzie",150,290.79646468144426,0.5448417294123081,-0.29237324274593846,0.2726888347880717,0.32672345777930173
15575,"Hoge, Tom",150,286.3373212848937,0.5800542600695681,0.495201274447571,-0.018246854717856427,0.05791946944993829
15608,"Barber, Blayne",120,284.0247199181607,0.6414557738447314,-0.16065959116984918,-0.17954793329719002,0.1040812187880866
15611,"Peterson, John",54,285.4659874328738,0.6547412497607668,0.45408655304310036,-0.1064722714183044,-0.6196768675418869
15614,"Yun, Andrew",34,282.5674136907716,0.49650046934298486,-0.4356702921677294,-0.4086842990119751,-0.5761641478713249
15634,"Trainer, Martin",150,294.4365862331356,0.5193969993684342,-0.9624516731220267,-0.12132781422656266,0.22620593175556844
15651,"Ventura, Kristoffer",90,294.2858405284187,0.5573439729612314,-0.6881285973672902,-0.5726133811580485,0.48592652674765296
15720,"Roach, Wes",100,287.1807998103333,0.6709106288232191,-0.11919725877898114,-0.04947157872502157,-0.18675734986446596
15756,"Higa, Kazuki",20,281.44562033859546,0.5658459884192445,-1.16361887456274,0.21070356155159464,-0.06628708923763828
15852,"Kraft, Kelly",150,281.13862396501275,0.6520772903061997,-0.40891151500116896,-0.3214350605466756,0.3081397653876097
15856,"Smith, Cameron",150,292.4236402828004,0.5657305246034772,0.5886618467847855,0.26877613607380424,0.7638704773671707
15953,"Oda, John",25,283.68390415307204,0.7071355740627286,-0.5265056760519212,0.31713232346356574,0.05814342376023621
15980,"Lipsky, David",150,283.57707918605394,0.6544380451501435,0.32973224880402946,0.01250887392649186,-0.26453982614286203
16039,"Haley II, Paul",62,279.96280514249196,0.6372138549240057,-0.39533246861794524,0.047118883148316276,-0.17746868374015318
16243,"Koepka, Brooks",150,299.3079719130671,0.5649885698399193,0.3440204536316416,0.007424926860589057,0.11358119660801774
16283,"Rodgers, Patrick",150,300.68632284808365,0.5374958211163272,0.02604087991513359,0.07406970407621051,0.1974577798426525
16333,"Hubbard, Mark",150,284.31765714902474,0.5938138180714166,0.5907784196500001,0.0978511207864815,0.1354285456600955
16382,"Knous, Jim",87,291.5405175576397,0.5616747372842374,-0.35256127164943946,-0.0037965324665621223,0.010116250770442849
16394,"Jaeger, Stephan",150,297.0585941291457,0.5891184952826033,0.23968447413443209,0.35629200818401574,-0.05982112840824473
16395,"Kohles, Ben",45,281.28052865896376,0.6142508006852497,0.1506579993455468,-0.34029183334146706,0.23270733857847903
16433,"NeSmith, Matt",150,287.23566959393196,0.6355459620093564,0.24509216399659012,-0.05397135958274965,-0.23090492810071778
16566,"Barjon, Paul",79,295.1428898210206,0.6052181241491529,-0.3029661127160648,-0.7011967503111276,-0.01799403845127619
16602,"Varner III, Harold",150,296.26965661768804,0.5492963256865562,0.36871046673183183,0.30113210437361876,-0.0027360530399394567
16711,"Ernst, Derek",50,297.6192684566147,0.5551304930369931,-0.8013990520008164,0.06207711427206156,-0.5225123335141717
16713,"Lindheim, Nicholas",134,284.2790068527196,0.6381713721000954,-0.1894137866858516,-0.05882064503002687,0.09388353738152672
16715,"Ryder, Sam",150,286.49096893854534,0.5790796974679778,0.34757520040025214,-0.09204670047704896,0.35251914355939146
16757,"Dou, Zecheng",103,293.87074651845154,0.5321269384438837,-0.17981444189290827,0.03254389159360748,-0.5296505505081885
16796,"Nunez, Augusto",51,297.69060036119146,0.5466697983468404,-0.39134787200659626,-0.0066009478317421814,-0.4949935000034822
16807,"Wright, Chase",61,292.4328741932269,0.6359435340527534,0.10161210136396975,-0.24571040913095255,0.24946618383177227
16841,"Lee, Min Woo",76,299.4573119944334,0.537197798069037,-0.7185945365062909,0.17136106737475298,0.48961674713788467
16842,"Luck, Curtis",83,286.4264429038047,0.5391332333211681,-0.6728250702163732,-0.0785595301992145,0.2512878543212319
17064,"Herbert, Lucas",134,297.2292134333668,0.5363447400142588,-0.45790416372683646,-0.2347614854249832,0.4355627753874366
17068,"Daffue, MJ",101,302.1351362910916,0.5700323874227041,-0.24956511089880265,-0.173301144748353,0.0748891170213061
17081,"Sharma, Shubhankar",36,281.02614673520054,0.6537099166016919,0.1303464078607614,-0.5412240651746334,-0.2127429036626377
17169,"Ruffels, Ryan",21,297.61943935817453,0.42958652208687725,-0.5740359352600088,-0.5635523956383712,-0.3464626459907637
17266,"Yuan, Carl",55,299.9744475200031,0.5340971137103114,-0.33400886655560286,-0.22825379520599415,-0.22058343764556726
17274,"Shindler, Conrad",58,284.086368882632,0.7050061337487569,-0.15081729157927815,-0.1418932163874917,-0.15961855300388597
17280,"Vogel, T.J.",22,288.4384269042327,0.6183880999675108,-0.22739232589014424,-0.16843218568155408,0.08469156176516254
17357,"Migliozzi, Guido",30,290.4058554678655,0.5271398757051756,0.036754508234615624,0.12470042877664758,0.38860904702952515
17365,"Mitchell, Keith",150,303.7141089843631,0.6100237531986555,-0.18621800912999972,-0.0389775166299214,0.1830199569125024
17381,"Silverman, Ben",150,282.9379746237075,0.6574071371535574,-0.401937350761248,-0.009475846418431425,-0.02695814660793025
17488,"Im, Sungjae",150,292.43650419630137,0.6166955030012804,0.18034740644302344,0.2683978540393855,0.21218198629625826
17508,"Gribble, Cody",150,292.608847819935,0.5754421462207882,-0.31449154769198995,-0.16939151022317656,-0.13217245857882967
17509,"Seiffert, Chase",139,285.40193250328656,0.6464439955721881,0.1358289514855281,-0.05006975086506876,-0.13403506454378972
17511,"Straka, Sepp",150,290.94434745290664,0.6435459720858068,0.29607445387577164,-0.2632102756867943,0.2831066075096336
17536,"Spaun, J.J.",150,291.0715210969831,0.6435553185509562,0.2280880773066311,0.07229873727491079,-0.11440868819853835
17538,"Homa, Max",150,296.8777526881154,0.5939092555316625,0.3769960427453106,0.14010905665787762,0.5000366845499695
17543,"Kim, Michael",150,291.6245959154027,0.5549190178840475,0.10499155922801734,0.040334788258757456,-0.033698091337014
17550,"van Rooyen, Erik",150,293.06063777792235,0.5795601354017117,-0.01382806802637885,-0.2976249697631037,-0.11571880422743762
17564,"Bozzelli, Dominic",150,287.11650404850394,0.5424865539968564,-0.6469449910174213,0.0027941558424159837,0.46565804343181316
17570,"Creel, Joshua",41,282.4780982016764,0.6488962995831253,-0.34367429642372993,-0.3510348751053331,-0.044142774706313316
17576,"Conners, Corey",150,296.18501716465545,0.6086613357406553,0.45150566447756896,-0.06870747185017069,-0.11617221923240796
17584,"McCumber, Tyler",114,296.75017274964284,0.5450612252049242,-0.1444171039978693,-0.1730174997659173,-0.5045209697650566
17606,"Berger, Daniel",150,286.93910703252726,0.6666210565406785,0.6854074821006971,0.14163604425629583,0.1659132295735133
17639,"Blair, Zac",150,277.84379764864985,0.6586032265807618,-0.13441272077246041,0.08207671440060146,0.09195612071746707
17646,"Fitzpatrick, Matt",150,293.1610473498973,0.5613502785558024,0.10887958209490187,0.21774084164971827,0.49008342560189255
17723,"Lower, Justin",129,285.71774113201593,0.6037675559708103,0.0542481387369544,-0.25681767179033954,0.39981951734321164
17780,"Pendrith, Taylor",142,300.7745428738798,0.5247386823188694,0.025839331519304034,-0.07513865378198148,-0.029192491559627082
17786,"Davis, Cam",150,295.95055583237036,0.5650729575677343,0.24473130437678442,0.12053094270308036,-0.1161201105821554
17881,"Yu, Kevin",57,299.97616774088783,0.6093996088221117,0.06983201864854263,0.026715035783643374,-0.6924388035814487
18059,"Suri, Julian",31,287.4929481380001,0.6372934246523679,0.11955140488963348,-0.039563387808228434,-0.08969050028015046
18079,"Niemann, Joaquin",150,302.9378735639169,0.5703402165393735,0.342554922068566,0.023950840586951766,0.07395732354934188
18103,"Bezuidenhout, Christiaan",150,282.66635640762723,0.6128689463823336,0.19360398236148,0.05263794230265777,0.40206734119779053
18105,"Lawrence, Thriston",24,292.1542483187403,0.5365610967792083,-0.23073294972687283,-0.1579685905674513,0.04909578476634123
18164,"Wolfe, Jared",47,295.3932436433839,0.5546694349737127,-0.1678302615773525,-0.2200275047470157,-0.14639515488669042
18187,"Duncan, Tyler",150,290.54779761861613,0.670741969839018,-0.10414888204312553,-0.2726324560564611,-0.11350563243618707
18238,"Ancer, Abraham",150,288.2359351827017,0.7155933151202962,0.22760539245833372,-0.2984146479478857,0.283603070581273
18417,"Scheffler, Scottie",150,301.41659956077353,0.5982700297331593,1.1481355806183184,0.3719613708576478,-0.254566183229602
18424,"Roy, Kevin",46,292.7255649177677,0.5534062861429362,0.6383234267688574,-0.20252781198109743,-0.4061133776537926
18474,"Smalley, Alex",150,290.41802427001414,0.6011554970773625,0.4919371008028281,0.014621566906760607,-0.3315640556468348
18554,"Rai, Aaron",150,285.11793351970414,0.6945763974475316,0.3727278673028518,0.09716713359615878,-0.18166159513066332
18579,"Cook, Austin",150,279.6879857962943,0.6411175264142928,-0.3948279148093682,0.13976855121923903,0.07587481360842858
18580,"Gooch, Talor",150,290.2957907516071,0.6253383573657137,0.46496509144589726,0.20661342180699194,0.09182989049357791
18586,"Smith, Jordan",30,296.5528110759094,0.5641432421045596,0.8398030249256232,-0.21569034440211363,-0.09615797471667643
18628,"Campbell, Brian",32,289.3433786631061,0.5952140586631592,-0.842278847083188,-0.05841926340712261,0.5956168242415893
18631,"Kaufman, Smylie",117,290.02139706919957,0.4194288131471299,-1.3039753145587798,-0.2745728591159148,-0.10856114474193902
18634,"McNealy, Maverick",150,291.58998236645135,0.5161779612976576,-0.1899676207802447,0.06945090469236392,0.670914869871827
18635,"Shelton, Robby",150,284.50555366950874,0.5803742707898106,-0.07707280682403447,0.22163335077350846,-0.19173752805117972
18658,"Garber, Joey",48,287.52902181011336,0.6442553803737687,-0.4367202339281365,-0.11502237132281377,-0.3376093071187807
18660,"Wyatt, Bobby",28,284.093163105435,0.5697653731850174,-1.0188446553956745,-0.26379334874359706,-0.7535266378238208
18662,"Schniederjans, Ollie",150,293.04542026053923,0.4981530105103754,-0.20863680223757436,0.05213985239055775,0.2543026684910651
18695,"Hagy, Brandon",150,304.7104506519602,0.4794609301614723,-0.4223745791887085,-0.2014957681890921,-0.09759366815068352
18761,"Mullinax, Trey",150,299.4597546880947,0.5207718998234586,-0.0022735380763076463,-0.07008111644845944,-0.28360910488477586
18841,"Hovland, Viktor",150,298.8611285684509,0.6355802312296931,0.6894483903835131,-0.10556761586472381,0.3185434630612737
18869,"Lamb, Rick",66,291.53413891007995,0.5919246060127084,-0.4641854345902627,-1.0403517299451261,0.05106392851303764
19190,"Hoshino, Rikuya",36,285.41622841072416,0.5969014789745235,-0.12581104883471458,-0.06528680099245719,-0.3435942165746435
19195,"Rahm, Jon",150,302.2124541199563,0.5593425955860585,0.6686519795147962,0.05101682369919663,0.3733147640450579
19208,"Endycott, Harrison",57,286.37822657458037,0.6104815097286503,-0.24970457879795896,0.02712430210527416,-0.043087404880194635
19360,"Atkins, Matt",41,292.17987115951297,0.5646546642149658,-0.9818983794991567,-0.01709950300988368,-0.3681572858600491
19364,"Werenski, Richy",150,289.01579521245765,0.5988322912949113,-0.6807212335211072,-0.06844806555406788,0.264244983249933
19395,"Thompson, Curtis",50,293.59893765230646,0.5237862806621653,-0.4191723658873915,-0.2755478481736269,-0.024635427014114676
19428,"Zalatoris, Will",150,301.1843648615074,0.5645795056185536,0.702423287513352,0.07670490965841423,-0.012559407513424149
19455,"Pereira, Mito",117,298.817089216606,0.6282046198809278,0.7415853516698097,-0.018970497925132265,-0.18747149961000675
19477,"Schenk, Adam",150,293.025396011641,0.5568941906294855,0.3492363939664507,-0.0819770191244643,0.2099875026811341
19483,"Burns, Sam",150,298.9178802735885,0.549711022205063,0.058154594185637454,0.031030096132077415,0.6153906994224342
19552,"Tracy, Ethan",54,288.3537214439138,0.5917202062853507,-0.3776124109469101,-0.3453893381180052,-0.042847710722930074
19643,"Reeves, Seth",106,303.14112684676263,0.5922446159262339,-0.6470527601479199,-0.37960814866999837,-0.35377895200124293
19729,"Kanaya, Takumi",30,280.84879325858867,0.6567297986088926,-1.1042082218681548,-0.0698660943860969,-0.30062624293682566
19840,"Ramey, Chad",136,288.5428980160214,0.6295544020804751,-0.2789318506133953,-0.006131581393591767,0.13836752888393322
19841,"DeChambeau, Bryson",150,311.4102898990453,0.5143661637707371,0.008014869190903964,-0.15234400270195358,0.3363578092337345
19864,"Hammer, Cole",48,287.5187213619405,0.5408597943785032,0.07526103137031757,-0.29598516518696927,-0.47214287100892427
19865,"Hardy, Nick",146,295.13973812059015,0.5859369050419115,0.024462618415464245,-0.18120454948930192,0.14919901997267151
19866,"Horsfield, Sam",36,295.28066835088816,0.5596846544601555,-0.2746360366228155,-0.0025119112310228384,-0.3083384445858592
19867,"Jones, Kyle",58,282.2615185354863,0.7023062612741983,-0.3685108531469926,0.036321542393245296,-0.1308556092177822
19870,"McCarthy, Denny",150,285.8951711797748,0.6107779089657598,-0.043536700972660616,0.2049018799268253,0.8103929585730176
19872,"Riley, Davis",150,294.95375209103076,0.5857279729464258,0.2501878626161742,-0.256519669786101,-0.006254343032198184
19895,"Schauffele, Xander",150,295.83670663848284,0.5841693175386451,0.812217994974273,0.13093262257696867,0.4844602274314223
19898,"Paul, Yannik",20,290.1395120416746,0.5291884987922857,-0.08398103253106683,0.094966035784915,0.4557657905769301
19909,"Gellerman, Michael",61,284.8148873475097,0.662571210940772,0.3185030885221434,-0.33758179513170894,-0.34563200171754443
19948,"Taylor, Ben",131,291.7916585369546,0.46969430968283304,-0.12754135486742202,-0.017419635507113822,0.3228641359240041
20519,"Tarren, Callum",127,301.153086952782,0.5078987045161647,0.1299021039789334,-0.22814803667289157,-0.13461793181363507
20706,"Wallace, Matt",150,291.65288203776356,0.5605325918104748,0.08873827386458649,0.18716367698678305,-0.11291611629939934
20722,"Schmid, Matti",51,298.10618266277356,0.564725463504441,-0.11359177689081978,-0.43486107296196486,0.23827523647490442
20730,"Perez, Victor",70,290.1593377810034,0.5755553430426605,0.09774178897016737,-0.6589774885469719,0.2182125679597194
20770,"Munoz, Sebastian",150,292.7537055609956,0.6543164981571467,0.3051201052649808,-0.033696668439544206,-0.016398500669188288
21135,"Love, Dru",27,285.28144469632144,0.5520331104264022,-0.1137841660473691,-0.8016080513766246,-0.630032530768593
21235,"Albertson, Anders",71,284.9000240312464,0.5506251848515648,-0.23587702585593903,-0.14284520469814502,-0.03161665343234961
21236,"Bryan, Wesley",150,286.9730416568711,0.5253846245741695,0.012770599350092435,0.20408376544238352,-0.12324456228919764
21237,"Hickok, Kramer",150,288.27729590372786,0.6124613721930324,-0.030804618252542156,-0.15610894555709576,-0.297155402564355
21554,"Poston, J.T.",150,287.56558818105754,0.5861854884625795,0.30925181196221013,0.12126979206571104,0.4114760828543145
21688,"Kim, S.H.",97,296.01220910216784,0.5673667304215084,-0.46429032713232726,0.1975359200621998,0.18877147750568773
21756,"Cole, Eric",98,289.52216388645314,0.5448278844942378,0.4546588264099236,0.08801307828122354,0.5739736429061474
21880,"Cone, Trevor",54,306.7052766404415,0.5367967625440526,-0.09854867639686402,-0.45246149791826407,-0.11042105823578854
21891,"Kitayama, Kurt",143,295.49932535800247,0.5138794146404335,0.11739017200449353,0.07062561971717805,-0.16528906081976902
21943,"Lebioda, Hank",150,286.6551931389556,0.5896980069547967,-0.02558341814520944,-0.09635818141454494,0.08234657618945171
21944,"Moore, Taylor",150,296.51402466609755,0.5472773218742143,-0.08568392605669174,0.015602751890813196,0.23100907381934432
21997,"Koepka, Chase",26,282.9823199993228,0.6153568704500543,-0.33764687900767343,-0.5652911027319035,-0.31947407000089456
22050,"Suh, Justin",123,286.7520592720606,0.6172560753531946,-0.14439728116462494,-0.4237958175351283,0.5508913081408245
22051,"Wise, Aaron",150,295.98530954018855,0.5769257635703002,-0.14599057277103158,0.13129682931650766,0.18166992339576127
22068,"Lovelady, Tom",101,304.0917046504147,0.5906788981664421,-0.44698473751366286,-0.1520393606029485,-0.15325191648022277
22085,"Morikawa, Collin",150,290.8240069486296,0.6859778724878,0.8962339058397523,0.023944023288434174,-0.12559192232142063
22535,"Norrman, Vincent",63,300.8155879959888,0.6046142774900347,0.1243256940310827,0.02896618695383656,-0.30583993671820336
22833,"Echavarria, Nico",48,290.43246030632497,0.5819761320771311,-0.3540283296246258,-0.31356122321933033,-0.16974627577152468
22914,"Grant, Brent",53,303.7753386558129,0.6106109045497499,-0.5441506312147045,-0.5383078591355853,-1.246809626465769
22981,"Matthews, Brandon",50,303.56519692241585,0.48347693702983086,-0.23645687148154682,-0.8722422498438895,-0.9409907606283209
22985,"Smotherman, Austin",135,290.59737265019186,0.6180569307947485,-0.0345019143598258,-0.29470393833191777,-0.05440374800280878
23014,"Theegala, Sahith",150,294.2673975693687,0.5289362675242415,0.08911708947688045,0.26155462952129005,0.3021905715624933
23236,"Arnaus, Adri",26,298.233707752172,0.5021351760111952,0.5529885611887034,-0.5476569620023339,-0.682663241186236
23323,"Macintyre, Robert",84,296.7616978837214,0.5301992619270581,-0.024348954142938764,0.1847399514331426,-0.0403673718596876
23475,"Novak, Andrew",126,291.7271680977015,0.5904960543366857,0.13824551519666367,0.11157783836682812,-0.0645493473776347
23482,"Sigg, Greyson",150,288.6647791863799,0.6274227425446746,0.11260355778100602,0.04129247227074189,-0.048475014498460416
23502,"Thornberry, Braden",22,287.0332171280907,0.542360511399054,-0.2964093974900782,-0.15409191355028506,0.7423136024165541
23505,"McGreevy, Max",113,284.84073483430745,0.6209285096751471,-0.6539208186441419,0.04568329333387658,-0.3498602734215244
23542,"Champ, Cameron",150,300.8239924918626,0.5970421759365518,-0.1268907938883601,-0.559922322538873,-0.29265914393580006
23599,"Westmoreland, Kyle",61,302.1120091635269,0.44928277553880425,-0.4906614699723484,-0.24590157328664908,-0.37647448417306806
23602,"Hojgaard, Nicolai",46,300.30701525018554,0.4979144589090173,0.3413864745318846,-0.15685262973888353,0.24783625871003503
23604,"Clark, Wyndham",150,302.4917732532853,0.5539118183448329,0.25703681847215576,0.22556001515038931,0.2700302892261068
23606,"Meyer, Dylan",40,281.30769289040506,0.6578396371498838,-0.21199314762447236,-0.48164686258570666,-0.01172885140867258
23656,"Young, Carson",64,286.3118897375202,0.657292387193041,-0.006975538513743801,-0.3615616725411174,0.23364933475450186
23816,"Valimaki, Sami",20,289.009778354257,0.6287228735773335,-0.3767502506308581,-0.5769329061169657,-0.07959060197798282
23838,"Hojgaard, Rasmus",34,299.7988430659077,0.49254778242983976,-0.1368124809303367,-0.17120767092502565,-0.33777266520246535
23950,"Aberg, Ludvig",37,302.3094510146272,0.6402403407658389,-0.3166260386794,0.04205410459383859,0.10387466852529516
24342,"Higgo, Garrick",149,298.61568491545523,0.6053999457343854,-0.3088948980392965,-0.103594679971234,-0.03581355156900799
24354,"Xiong, Norman",21,295.27381837374617,0.5203411206727131,-0.4653915858123536,-0.07299529635907201,0.19326897690414935
24481,"Redman, Doc",150,286.38866743267613,0.6224008981725105,-0.03275038700852856,-0.2879385795527178,0.1410320930639063
24550,"Ghim, Doug",150,288.5358327306085,0.6831336775721801,0.20148331732925806,0.025933529496959765,-0.24354080579990375
24766,"Kim, Tom",133,289.0306447360076,0.6555536839092271,0.5040234907830385,0.03677096645453252,0.18728576203845526
24968,"Griffin, Ben",90,291.08422394504703,0.5497772160611928,0.11691296888094903,0.2693066517986585,0.2853975086155551
25002,"Wu, Dylan",127,288.5165954975886,0.5954756415553841,0.14184738734261648,-0.024442498134213984,0.2238333225031488
25157,"Hodges, Lee",150,289.9454422767315,0.6062125813643532,0.2505770377093772,-0.19327905295848918,0.05139238673854649
25213,"Wu, Brandon",150,289.102328196431,0.6080933867756152,0.12736515492791234,-0.12173311761131822,-0.05864153153636198
25317,"McDaniel, Chip",31,289.43801166535036,0.5574164967726712,-0.8203802210107818,-0.26214344175499266,0.09234102179028715
25335,"Stallings Jr., Stephen",24,298.1646559787696,0.6158405813581058,-0.22574410409862145,-0.42542200728032425,-0.49207405495386114
25363,"Buckley, Hayden",145,293.18660593437113,0.6332676458714819,-0.060780765979363015,-0.42811879655569346,-0.11099267749369965
25442,"Montgomery, Taylor",87,292.527905076091,0.49955245799507064,-0.6620424703194763,0.21718446657133614,0.8683197800958719
25569,"Stevens, Sam",80,300.8918471969173,0.5688199513955775,-0.08006210908637901,0.0013714879643756984,-0.19824544311981218
25908,"Whaley, Vince",150,299.6433242670506,0.535439869090298,-0.44179418325152225,-0.027646869424688626,0.1523965348079442
25919,"Wolff, Matthew",150,303.0794782280797,0.49292129189978107,-0.20637547823642882,-0.11962707666721323,0.22123994894111546
26096,"Bhatia, Akshay",75,294.3191070783301,0.6038000271789964,0.3341567103657306,-0.1264128417641464,-0.4511717432517946
26211,"Augenstein, John",31,288.8643559550041,0.5248829440550837,-0.0006784858614182765,-0.3135172660271843,-0.605358566186298
26649,"Thorbjornsen, Michael",22,301.99233918061486,0.5720767130660805,-0.4035829332781082,-0.4099993906893101,0.0035125051924067008
26651,"Young, Cameron",150,306.16311139817117,0.5747968101376668,0.1435437492588814,-0.0020481608599819123,-0.09132248460945852
26653,"Eckroat, Austin",89,293.09499000101147,0.6416178250600547,0.07281130340554814,-0.12847671962134327,0.047191805803981204
26660,"Gordon, Will",150,295.2071952868385,0.5894837617049445,0.05349461375852368,-0.43072731483786875,-0.2537865759512241
27183,"Salinda, Isaiah",21,297.46418301831466,0.5148706797157702,-0.4476584548990969,-0.4226334440601457,-0.25468916162739785
27194,"Hall, Harry",74,288.46867332188646,0.5240131632973105,-0.28041008773753723,0.2591579656708293,0.4549819914997169
27364,"Thompson, Davis",103,297.32650482284174,0.5995031135972833,-0.25530232439581474,0.11568027701886816,-0.18024804930072164
27600,"Kuest, Peter",38,301.94551911349976,0.5733520788881774,-0.3242291695973978,-0.1601876835414608,0.25206900178901354
27774,"Gotterup, Chris",41,305.19951553363325,0.5293594720517182,0.3842509429201882,-0.03715674018610561,0.02292102632386938
27820,"Pak, John",25,282.12630903142343,0.604457361719774,-0.2990559912619548,-0.27317535127567816,-0.36754442597937453
28158,"Bennett, Sam",36,292.6648343855387,0.6784310104684833,-0.22822443105954246,-0.36785230526362717,-0.06451856709999551
28309,"Coody, Pierceson",24,299.47273158569453,0.4989020211842301,-0.5618172832801016,-0.4326454385174723,0.13155169471182654
28558,"Werbylo, Trevor",53,295.55958047659493,0.5202464364835109,-0.791841602493034,0.029965929327697597,-0.03725376881958564
29767,"Gerard, Ryan",46,291.7184264096704,0.5951584406649244,0.1918243728949393,0.1780857524126539,-0.3492975971535592
