dg_id,target_season,player_name_latest,total_rounds_hist,raw_sg,wgh_sg,dec_raw_sg,dec_wgh_sg,avg_round_score
18417,2025,"Scheffler, Scottie",163,2.5642085889570554,2.6270588958018166,2.5802937004516417,2.67729794815691,67.98159509202453
19195,2025,"Rahm, Jon",142,2.1952042253521125,2.211081498865346,2.21549416105819,2.2813474487365295,68.45070422535211
19895,2025,"Schauffele, Xander",168,1.9205833333333335,2.009595064950541,1.9377235214235131,2.052099690048735,68.8048780487805
10091,2025,"McIlroy, Rory",177,1.8634858757062147,1.8971332436998085,1.8547895496386408,1.9140382322603622,69.06214689265536
14796,2025,"Hatton, Tyrrell",174,1.663103448275862,1.6707302515004323,1.6953741292019509,1.7366995272738213,69.0919540229885
18079,2025,"Niemann, Joaquin",132,1.4323863636363636,1.5576853034474225,1.5020043399313772,1.6413663181099742,69.0909090909091
19841,2025,"DeChambeau, Bryson",108,1.4834999999999998,1.5410745356086009,1.54072047989843,1.6240284849088702,68.98148148148148
22085,2025,"Morikawa, Collin",158,1.4502341772151899,1.5042425903694838,1.4236664067707243,1.4976164889226733,69.32051282051282
12294,2025,"Fleetwood, Tommy",192,1.3686458333333336,1.3671508830575814,1.3706741450950537,1.3916002673420307,69.41145833333333
23838,2025,"Hojgaard, Rasmus",164,1.332810975609756,1.29072064177219,1.3724125169472448,1.3723865356523848,69.84146341463415
23950,2025,"Aberg, Ludvig",149,1.4130671140939597,1.308420153160674,1.4013185483099435,1.3239012552328233,68.88590604026845
5689,2025,"Garcia, Sergio",92,1.0436847826086957,1.1203273286814956,1.150309652072219,1.252602063412196,69.1086956521739
18841,2025,"Hovland, Viktor",149,1.272744966442953,1.285492804594678,1.1902376914113604,1.2154359935752195,69.42953020134229
15466,2025,"Cantlay, Patrick",145,1.2272965517241379,1.2512479946022323,1.1371920633610944,1.172065096016477,69.46099290780141
18586,2025,"Smith, Jordan",199,1.201492462311558,1.1050882673601663,1.2157758803577683,1.1685607025602942,70.03517587939699
23465,2025,"Greyserman, Max",85,0.9948117647058823,1.1038684921648287,1.0544381632730855,1.1672446148777926,69.01176470588236
16243,2025,"Koepka, Brooks",116,1.1828793103448276,1.1949750650273487,1.1275375675052761,1.161977844986948,69.35344827586206
14424,2025,"Burmester, Dean",130,1.0578615384615384,1.1318554623613721,1.0542631347095193,1.1423545782989084,69.46923076923076
7672,2025,"Oosthuizen, Louis",101,0.9722871287128713,1.0701625147934193,1.02486758802816,1.1349401752175945,69.25742574257426
15856,2025,"Smith, Cameron",121,1.1403388429752066,1.1307220512929466,1.0993040876151727,1.1130945336434763,69.43801652892562
13562,2025,"Matsuyama, Hideki",151,1.0522649006622515,1.060725281139597,1.075990851181671,1.1030492050267642,69.69536423841059
6430,2025,"Scott, Adam",169,1.0399289940828402,1.03728696601741,1.051171333142033,1.0679648032171374,69.66863905325444
14838,2025,"Reed, Patrick",126,1.0206190476190478,1.0346176262130935,1.0220438245904344,1.0593987551668105,69.41269841269842
11460,2025,"Manassero, Matteo",109,0.877348623853211,1.0448305027393354,0.8858015420027412,1.0485583713735782,70.4954128440367
18580,2025,"Gooch, Talor",97,1.0689690721649485,1.0678647537683112,1.0228709791494615,1.0383361904022692,69.04123711340206
18105,2025,"Lawrence, Thriston",192,0.9252447916666666,0.9460312445064446,0.9825196720251599,1.02381052968585,70.359375
14578,2025,"Henley, Russell",149,1.0046845637583892,1.028252822931032,0.9834025735675412,1.0217091283579196,69.60402684563758
13900,2025,"Lowry, Shane",183,0.9278087431693989,0.9444559476823494,0.9623855738258323,0.9977047548072755,70.01639344262296
17488,2025,"Im, Sungjae",191,0.9827434554973823,1.0064736211664693,0.9548351168810738,0.9917959600622623,69.53475935828877
17576,2025,"Conners, Corey",171,0.908608187134503,0.9212983174831785,0.9440770311619061,0.9779790710063829,69.76023391812865
13412,2025,"Olesen, Thorbjorn",194,1.121742268041237,0.9489340437685079,1.091541158593061,0.9762772819136025,69.85263157894737
16841,2025,"Woo Lee, Min",169,0.9997218934911243,0.9952019168116207,0.9565178151018542,0.9716730270382339,69.81065088757397
26850,2025,"Svensson, Jesper",101,0.868009900990099,0.9846177900012661,0.8450779002462172,0.9571860747129682,70.22772277227723
25362,2025,"Fitzpatrick, Alex",161,0.9780310559006211,0.9445676914681927,0.958359374863033,0.954103363038596,70.29936305732484
14795,2025,"Canter, Laurie",128,0.82584375,0.8832919265248887,0.8787030998827113,0.9480355203366234,70.2265625
25094,2025,"Fishburn, Patrick",77,0.7652597402597402,0.8730027618282672,0.8301224422828459,0.9469595693777509,69.14285714285714
14139,2025,"Thomas, Justin",151,0.9093311258278145,0.9060326508724069,0.9355882935980602,0.9442215153662487,69.84105960264901
22322,2025,"Mckibbin , Tom",194,0.9038762886597939,0.8799163285334347,0.9306820380048333,0.9333303762101308,70.37113402061856
10419,2025,"Noren, Alex",165,0.8635393939393939,0.8516852704740387,0.9015336764557307,0.9113918562376909,69.78787878787878
20522,2025,"Veerman, Johannes",169,0.6988284023668639,0.7900971242073972,0.7931595296319912,0.8960149867453266,70.67455621301775
16652,2025,"Langasque, Romain",198,0.9366868686868687,0.8477563041680317,0.9327072505293348,0.8888002616823205,70.3030303030303
11676,2025,"Finau, Tony",165,0.8986424242424244,0.8907458365563894,0.8705646909363605,0.8830491685075637,69.67878787878787
18554,2025,"Rai, Aaron",206,0.8331504854368932,0.8493876927633165,0.8521645182723343,0.882939455920378,69.71782178217822
24766,2025,"Kim, Joohyung",188,0.8749255319148935,0.8519069007121286,0.8882024084576348,0.881627014953717,69.59239130434783
18103,2025,"Bezuidenhout, Christiaan",183,0.7876120218579236,0.8353330170194005,0.8159416119139563,0.8700787548122796,69.94535519125684
18517,2025,"Soderberg, Sebastian",166,0.8808373493975903,0.8540839829871651,0.8665807382435221,0.8612185500304294,70.02409638554217
14459,2025,"An, Byeong Hun",170,0.8636352941176472,0.8440621814312619,0.8522220328221249,0.855487200505471,69.75301204819277
19483,2025,"Burns, Sam",161,0.8102732919254659,0.826181302782228,0.8134230247910679,0.8445968891141509,69.85350318471338
15676,2025,"Moller, Niklas Norgaard",200,0.7902450000000001,0.7561607222906436,0.8262154549686391,0.8292064969877213,70.345
24968,2025,"Griffin, Ben",211,0.7616682464454976,0.7779134820581982,0.7856815786238808,0.8207704448909048,69.36842105263158
18634,2025,"McNealy, Maverick",136,0.6377058823529411,0.7162367184214943,0.7263828426928391,0.8187296142499313,69.66911764705883
28159,2025,"Meissner, Mac",83,0.6640963855421687,0.7660680766297344,0.7108792202836237,0.8145169069098801,69.34939759036145
27364,2025,"Thompson, Davis",174,0.685235632183908,0.715914216111155,0.7625516427002852,0.81093174569375,69.65116279069767
19870,2025,"McCarthy, Denny",165,0.8514242424242425,0.8285998936729627,0.8117717108936874,0.8059240323545127,69.67701863354037
10201,2025,"Guerrier, Julien",179,0.7691731843575418,0.7336203678079942,0.8021380847592515,0.8025181687699989,70.40223463687151
15004,2025,"Kim, Chan",90,0.6708,0.7881802955644972,0.6763039427355896,0.7924190645129564,69.26666666666667
18770,2025,"Rozner, Antoine",189,0.8691693121693121,0.7731514288676881,0.8528432683453342,0.7895387809874227,70.32804232804233
12177,2025,"Pavan, Andrea",107,0.6691588785046728,0.7646422578820735,0.6849056794589422,0.7826359957265128,70.83177570093459
20706,2025,"Wallace, Matt",214,0.7476355140186915,0.6917588325646779,0.8094526992126824,0.782192967752661,69.7877358490566
12426,2025,"Waring, Paul",163,0.7331472392638037,0.7311876592719089,0.7624048894791507,0.775818315230547,70.52147239263803
23604,2025,"Clark, Wyndham",169,0.9209940828402366,0.8554563950780881,0.8234734299331309,0.7715161313347826,69.66060606060606
21646,2025,"Ferguson, Ewen",187,0.8677005347593583,0.7510061684933793,0.8467043731199753,0.7632942560671476,70.41711229946524
23014,2025,"Theegala, Sahith",185,0.7756918918918918,0.7658895056654,0.7523741307206367,0.7573020513947758,69.92817679558011
23323,2025,"Macintyre, Robert",199,0.8052412060301507,0.6979766810282035,0.8242910727755238,0.7559704196619464,69.87437185929649
15470,2025,"Hossler, Beau",187,0.7425401069518716,0.7274436224017795,0.7498834919834572,0.7540114499457171,69.60655737704919
14792,2025,"Saddier, Adrien",164,0.7221463414634146,0.6764086114974035,0.7543104922084781,0.7405050117640846,70.36585365853658
29433,2025,"Bridgeman, Jacob",84,0.6240238095238095,0.713066791780043,0.6439015991216943,0.735780975822249,69.35714285714286
17780,2025,"Pendrith, Taylor",172,0.6033023255813954,0.6126093066251707,0.695414531036165,0.7247615470307179,69.91071428571429
25601,2025,"Jordan, Matthew",174,0.6398563218390805,0.6558252507218887,0.6891844738839348,0.7243166727423761,70.64367816091954
14735,2025,"Ortiz, Carlos",86,0.6852441860465116,0.7171477473100514,0.6771217629046034,0.7192641113354366,69.13953488372093
21074,2025,"Nakajima, Keita",82,0.6478048780487805,0.6921805850206277,0.6601309012629956,0.7110760375289138,70.54878048780488
28615,2025,"Bairstow, Sam",113,0.7036991150442478,0.7688232829622451,0.6410902115002091,0.7084151951452289,70.41592920353982
14609,2025,"Kim, Si Woo",184,0.7066195652173913,0.6949656683905634,0.6951819936472827,0.6968225686169388,69.81111111111112
17646,2025,"Fitzpatrick, Matthew",177,0.7830282485875707,0.7411588762126616,0.7258628354923601,0.6930812249459692,69.95953757225433
19898,2025,"Paul, Yannik",192,0.8816354166666667,0.7187921207215667,0.8052453233462401,0.6909266953317611,70.24479166666667
24550,2025,"Ghim, Doug",177,0.6435310734463277,0.6235007338884677,0.6892298155170705,0.6899993169920079,69.45714285714286
26649,2025,"Thorbjornsen, Michael",51,0.5462549019607843,0.6076964555382166,0.6075903002240344,0.6844574611893708,69.3921568627451
21756,2025,"Cole, Eric",219,0.8159863013698629,0.7221393653791106,0.7554534649056884,0.6835072348202188,69.58064516129032
21554,2025,"Poston, J.T.",173,0.6998959537572254,0.6711540971873377,0.6910508122799348,0.6794352101462328,69.70520231213872
19190,2025,"Hoshino, Rikuya",161,0.6498447204968945,0.6710749653090505,0.640337368898723,0.677775794172657,70.79503105590062
15326,2025,"Sullivan, Andy",194,0.5868917525773196,0.6150808359126254,0.6241992511164556,0.6694848987494187,70.73195876288659
14016,2025,"Campillo, Jorge",225,0.7731955555555555,0.6377192937679727,0.7578694114320395,0.6691098744673287,70.24
17381,2025,"Silverman, Ben",92,0.5545652173913044,0.6467003979685344,0.5754855036484098,0.6689258737200422,69.54347826086956
23504,2025,"Hoey, Rico",97,0.5892783505154638,0.6245218602847864,0.6178840385552161,0.6673556833619143,69.42268041237114
16497,2025,"Dean, Joe",83,0.6133734939759037,0.7248409737016693,0.5597340660432684,0.6661582234961687,70.6987951807229
26096,2025,"Bhatia, Akshay",175,0.73748,0.6444484807862001,0.7207811084737523,0.6592126748505224,69.69364161849711
17538,2025,"Homa, Max",167,0.8318203592814373,0.7858061338823037,0.6986831755740994,0.6579614694651198,70.05454545454545
10158,2025,"Luiten, Joost",185,0.8325135135135135,0.6536560002643707,0.7740683068717963,0.6503118456203931,70.44324324324324
17357,2025,"Migliozzi, Guido",171,0.5274853801169591,0.5760798656914172,0.5915063691054759,0.6494455671906838,70.73684210526316
20730,2025,"Perez, Victor",173,0.68821387283237,0.6438101202803114,0.6641358212885993,0.6447902809192428,70.01775147928994
28157,2025,"Vaillant, Tom",85,0.5689411764705883,0.6156362803723058,0.5831778886258778,0.6439806923160402,70.6
7679,2025,"Aiken, Thomas",143,0.5532517482517482,0.6125258389380837,0.5645586801659456,0.6348532720030144,70.76223776223776
11276,2025,"Horschel, Billy",167,0.5192275449101796,0.5439882505524571,0.5895014951539025,0.6323241834535251,70.1840490797546
23602,2025,"Hojgaard, Nicolai",200,0.8555749999999999,0.6981327952732751,0.75204708415197,0.6296232273236256,70.10204081632654
27194,2025,"Hall, Harry",179,0.5369664804469274,0.543557513868672,0.5965122633422916,0.6291880354073115,69.63276836158192
14666,2025,"Johnston, Andrew",51,0.527,0.5873623249794749,0.5529108675476069,0.622464955642066,70.86274509803921
14987,2025,"Laporta, Francesco",134,0.4607835820895523,0.5569544556470966,0.5202863739599308,0.6201695402771377,70.8955223880597
17543,2025,"Kim, Michael",172,0.5889360465116279,0.5611966333220242,0.6108562306463727,0.6099507694982511,69.63690476190476
26991,2025,"Schaper, Jayden Trey",157,0.7144331210191083,0.6297351223941795,0.6411248372024769,0.5914854065655185,70.70063694267516
9531,2025,"Wiesberger, Bernd",131,0.4082137404580153,0.5101907090508166,0.48286861052027813,0.5901158995698129,70.2824427480916
20727,2025,"Coussaud, Ugo",119,0.5066302521008403,0.5993084843264029,0.5056939190044849,0.5888323668805783,70.9327731092437
8825,2025,"Harman, Brian",176,0.5811704545454546,0.5800432887673775,0.577555306787062,0.5855459356368728,69.9034090909091
27164,2025,"Phillips, Chandler",91,0.44132967032967024,0.525395980202332,0.49860723158926157,0.5832727561288392,69.57142857142857
9771,2025,"Day, Jason",148,0.6853716216216217,0.6304033834756507,0.6172563557002316,0.5791572720936125,69.93243243243244
17365,2025,"Mitchell, Keith",169,0.5302248520710059,0.5634938121815741,0.527246331122699,0.5726687884212754,69.86060606060606
14975,2025,"Otaegui, Adrian",203,0.6401034482758621,0.5609366771260389,0.6202245456852103,0.5715727512907288,70.4679802955665
24185,2025,"Mansell, Richard",182,0.5972032967032967,0.5621459103137402,0.5761200998937672,0.560199719088064,70.71428571428571
17536,2025,"Spaun, J.J.",170,0.5423411764705883,0.520271551241846,0.5675064471428388,0.5596188872830264,69.6566265060241
22760,2025,"Hisatsune, Ryo",194,0.8026546391752577,0.627479947317411,0.6933884358860046,0.5589249590425033,69.87628865979381
13508,2025,"Vegas, Jhonattan",104,0.5029038461538462,0.5245916037676754,0.5246806788147105,0.5562512166411359,69.74038461538461
26947,2025,"Jarvis, Casey",139,0.5097769784172661,0.5554869217890417,0.4951886088463673,0.5535841075138679,70.81294964028777
18238,2025,"Ancer, Abraham",104,0.40789423076923076,0.46239907289317467,0.4886851700301864,0.5524786851095979,69.90384615384616
23475,2025,"Novak, Andrew",179,0.4602067039106145,0.45894565361052425,0.5323802279291997,0.5522901467950384,69.63276836158192
13872,2025,"Bradley, Keegan",157,0.5539044585987261,0.5570824966409417,0.5307154719340162,0.5474738961267926,70.1656050955414
14196,2025,"Meronk, Adrian",165,0.7984181818181818,0.6305055437583532,0.6798500924580126,0.5463982747982826,70.18181818181819
7399,2025,"Glover, Lucas",181,0.48708839779005525,0.46923229497707875,0.5404129316083357,0.5402399077030868,69.85635359116021
15556,2025,"Hughes, Mackenzie",170,0.40037058823529414,0.42137179124656365,0.5049475177129271,0.5401388108242042,70.05882352941177
28469,2025,"Highsmith, Joe",76,0.38447368421052636,0.43933486565690577,0.4670184480738201,0.5336580774445392,69.67105263157895
16333,2025,"Hubbard, Mark",210,0.5780142857142857,0.5299250774537065,0.5638598785321434,0.5331710574299683,69.69711538461539
27960,2025,"Van Velzen, Ryan",52,0.4428269230769232,0.5645764279941031,0.4234071454973372,0.5254144173997594,71.3076923076923
12530,2025,"Green, Gavin",188,0.5917553191489362,0.5083291608977092,0.5688738116717404,0.520055175650804,70.70744680851064
16896,2025,"Kruyswijk, Jacques",103,0.388504854368932,0.514708942292316,0.39786245941263176,0.5112805231123885,70.79611650485437
19224,2025,"Micheluzzi, David",105,0.42265714285714284,0.4341945724084437,0.47073087037610445,0.5011234727650469,70.6952380952381
14704,2025,"Putnam, Andrew",170,0.4966117647058823,0.49908353427077323,0.4855267176070202,0.4983285346791815,69.82941176470588
17064,2025,"Herbert, Lucas",125,0.437288,0.4020716498218956,0.5063192432383146,0.49583128659564046,69.944
14636,2025,"Spieth, Jordan",143,0.6048531468531468,0.5920239211979795,0.5008677465319243,0.4934427467521111,70.17482517482517
16283,2025,"Rodgers, Patrick",184,0.448179347826087,0.4541933851007909,0.464198682972283,0.488878816460686,69.92391304347827
16394,2025,"Jaeger, Stephan",187,0.591716577540107,0.5306671841808124,0.5336491198141512,0.487206652917504,69.67914438502673
23610,2025,"Crocker, Sean",145,0.530848275862069,0.4820062955504702,0.5130810113523011,0.4832028266487086,70.77241379310345
26653,2025,"Eckroat, Austin",174,0.4588965517241379,0.4546973496622883,0.46996857378306384,0.480582450821745,70.04651162790698
11397,2025,"Jamieson, Scott",156,0.46935897435897433,0.45429486204228525,0.4780098671084007,0.4801337777574108,70.82051282051282
12422,2025,"Johnson, Dustin",106,0.513877358490566,0.5067612129596217,0.47753195019257566,0.47995786797086903,69.93396226415095
18514,2025,"Kinhult, Marcus",153,0.43567973856209147,0.39930997963543513,0.48417814318972635,0.47590971653187675,70.63398692810458
26651,2025,"Young, Cameron",171,0.5069298245614036,0.5088845853148669,0.4649705975206164,0.47063352759921867,70.15789473684211
25569,2025,"Stevens, Sam",202,0.4694257425742574,0.4425921013356557,0.47361578064905235,0.4704131048975903,69.775
22089,2025,"Syme, Connor",201,0.5404427860696518,0.4981156484323031,0.4867141688260194,0.46801887327525243,70.6318407960199
25131,2025,"Hill, Calum",174,0.5236436781609196,0.47925887606437706,0.4839095235974088,0.463224000815422,70.67241379310344
25908,2025,"Whaley, Vince",120,0.37628333333333336,0.3970739378505069,0.4290465965176749,0.458406445445138,69.4
6169,2025,"Kuchar, Matt",160,0.4811375,0.4360080369681764,0.4769099024466764,0.4499680999581135,70.0125
14577,2025,"English, Harris",168,0.3997857142857143,0.4201882445370032,0.4198047041172355,0.4439760492831107,70.20121951219512
20722,2025,"Schmid, Matthias",212,0.3685377358490566,0.38413943636208464,0.41977849003816586,0.4413813151124804,70.16346153846153
21891,2025,"Kitayama, Kurt",145,0.33219310344827585,0.34225520225673317,0.4206403437315306,0.4394133913836205,70.20567375886525
11889,2025,"Fox, Ryan",181,0.5166850828729281,0.47232777719089897,0.4606907567503555,0.43369625197433226,70.4696132596685
11657,2025,"Norlander, Henrik",165,0.29896969696969694,0.32213337533451725,0.3827365915813825,0.42306917100460656,69.95031055900621
14775,2025,"Bjork, Alexander",154,0.8526298701298701,0.5452834882855725,0.6855379480648534,0.4201252963653286,70.05844155844156
21995,2025,"Springer, Hayden",87,0.3666896551724138,0.429877916443079,0.35523383407095194,0.4142294629752458,69.88505747126437
17606,2025,"Berger, Daniel",81,0.3182592592592593,0.35539910817031667,0.3647949465016226,0.40963626223206845,69.62962962962963
15475,2025,"Pan, C.T.",98,0.3709183673469388,0.36224582023798296,0.4045006200368753,0.40863148948497585,69.8061224489796
14181,2025,"Detry, Thomas",194,0.4834536082474226,0.41932688433429455,0.4494615586609429,0.39748826465031634,70.1421052631579
12423,2025,"Kirk, Chris",153,0.5219019607843137,0.47078774674585766,0.42876407286759727,0.39173102943370086,70.01307189542484
15596,2025,"Cockerill, Aaron",170,0.4463764705882353,0.4304789495322004,0.38344809245696976,0.3915274540859842,70.66470588235295
15680,2025,"Winther, Jeff",154,0.3600844155844156,0.36324307839859304,0.3822274699567549,0.3881577336244594,70.7987012987013
14502,2025,"Cauley, Bud",54,0.3043518518518518,0.3582245190608474,0.3254908071968696,0.3810533397568283,69.74074074074075
17511,2025,"Straka, Sepp",183,0.40962841530054644,0.38093401753467704,0.40083115535817865,0.379364033632937,70.30054644808743
17723,2025,"Lower, Justin",190,0.2551684210526316,0.28624856255584175,0.3352771322401358,0.3772083796439658,70.06914893617021
9842,2025,"Zanotti, Fabrizio",152,0.3812434210526316,0.34290734290966046,0.39263814449305956,0.3746807295977242,70.50657894736842
25588,2025,"Wilson, Andrew",123,0.2749756097560976,0.32556098710411485,0.31766435836664564,0.36850917464436816,71.1219512195122
13374,2025,"Van Driel, Darius",172,0.30923837209302324,0.36837132508378106,0.3039144744074718,0.36598859941519213,70.95930232558139
11396,2025,"Ramsay, Richie",173,0.4439884393063584,0.3561060719920122,0.429724135574676,0.3651619939538842,70.6878612716763
27600,2025,"Kuest, Peter",65,0.5051846153846155,0.40053335622335823,0.4555642592033611,0.3564916048986103,69.44615384615385
17550,2025,"Van Rooyen, Erik",192,0.32127083333333334,0.30555368594301596,0.3553315479798064,0.34717164595795774,70.02127659574468
22259,2025,"Del Rey, Alejandro",176,0.40201136363636364,0.3671217114462219,0.36333875476495126,0.34133177076404764,70.77272727272727
15575,2025,"Hoge, Tom",201,0.3329701492537313,0.3527594727896825,0.3165649433024205,0.3368126287563971,70.06598984771574
12965,2025,"Fowler, Rickie",166,0.49635542168674696,0.41445575932926915,0.3918171786311956,0.320560334601131,70.13253012048193
14784,2025,"Law, David",175,0.3934114285714285,0.3027558763987897,0.37682991817109796,0.3121816912052917,70.92571428571429
17081,2025,"Sharma, Shubhankar",166,0.2929698795180723,0.3117840066163476,0.28355153011371076,0.3100085205659418,71.02409638554217
17881,2025,"Yu, Kevin",134,0.2657462686567164,0.29506824066064163,0.26701861897762846,0.30777853840982117,69.7089552238806
6093,2025,"Rose, Justin",155,0.466941935483871,0.41292460004812837,0.33315871418021004,0.3036339829646866,70.3225806451613
23656,2025,"Young, Carson",179,0.29153072625698323,0.26010275288390017,0.31110419872397965,0.2981954137834325,69.71751412429379
19960,2025,"Pavon, Matthieu",196,0.5747653061224489,0.3967218415184907,0.4383933428859362,0.2937011230342931,70.27551020408163
12734,2025,"Scrivener, Jason",148,0.28535810810810813,0.28400005635233067,0.2868636575975298,0.2881895193099198,70.8445945945946
18424,2025,"Roy, Kevin",74,0.3034189189189189,0.2446267473593685,0.33194875852333044,0.2798170220429949,70.13888888888889
10104,2025,"Power, Seamus",164,0.2216829268292683,0.1859262701787313,0.2869298913463092,0.2719927922916608,70.20121951219512
28984,2025,"Puig, David",108,0.17449074074074072,0.19874552178851113,0.23474544308115822,0.2683019907540438,69.97222222222223
14698,2025,"Bramlett, Joseph",155,0.3149548387096774,0.2933236660970998,0.2676701366037415,0.26089715654476087,69.99337748344371
18524,2025,"Catlin, John",128,0.11599999999999999,0.20318248300207614,0.1575468324800782,0.2551890691219071,70.9375
13965,2025,"Hadwin, Adam",155,0.35235483870967743,0.3211001703064997,0.27918923976442356,0.2535073443685977,70.24503311258277
29971,2025,"Bradbury, Dan",174,0.3055,0.26977403758939567,0.27343371413335565,0.25193038089581465,70.8735632183908
15191,2025,"Southgate, Matthew",202,0.3779059405940594,0.2406965109790113,0.3497787622198883,0.2464530206143306,70.91584158415841
25002,2025,"Wu, Dylan",179,0.3982346368715084,0.30489209029070086,0.32349743714982815,0.2460923303775888,69.92655367231639
5768,2025,"Hoffman, Charley",150,0.17593999999999999,0.20574016756263638,0.20883603503195983,0.24227716091161183,70.04109589041096
23482,2025,"Sigg, Greyson",167,0.20546107784431136,0.19398259422178407,0.240250935262963,0.23885981721816535,69.98787878787878
14007,2025,"Martin, Ben",129,0.3170232558139535,0.2608555437472307,0.2750299532666883,0.23051993447097677,70.14173228346456
17786,2025,"Davis, Cameron",170,0.28147058823529414,0.2497980527056226,0.25561354279340126,0.22976900245896137,70.13529411764706
10943,2025,"Lashley, Nate",170,0.3388235294117647,0.2571500231851547,0.28629630950174206,0.2180640023321149,69.77058823529411
14967,2025,"Hadley, Chesson",158,0.25022151898734174,0.22579669300517274,0.2409476198692382,0.21792830911477018,69.87820512820512
20448,2025,"Katsuragawa, Yuto",62,0.23899999999999996,0.2258636928095836,0.21936582059038312,0.20864028342935495,70.7258064516129
12821,2025,"De Jager, Louis",191,0.27195287958115183,0.23877610373656438,0.2292889011755061,0.20111844635926476,70.96335078534031
22608,2025,"Clements, Todd",172,0.07594767441860467,0.14039977166526077,0.1371120423897665,0.20052122498795372,71.11627906976744
21944,2025,"Moore, Taylor",182,0.2950164835164835,0.2285563855124933,0.24715081473058767,0.1947667186279998,70.28651685393258
21362,2025,"Hillier, Daniel",173,0.2144450867052023,0.1694948700585474,0.22766293868494508,0.19411075255847549,71.02312138728324
13997,2025,"Svensson, Adam",205,0.22333658536585368,0.18524869862765309,0.21956265273454106,0.1918300901368037,70.0390243902439
19899,2025,"Rottluff, Max",98,0.16705102040816328,0.1781998699174637,0.1745434714102059,0.18799677310072457,71.16326530612245
12522,2025,"Schneider, Marcel",165,0.2552727272727273,0.19259423569511283,0.22830971412572898,0.1866250035179924,71.01212121212122
11117,2025,"Noh, S.Y.",106,0.05466981132075473,0.09827784150824932,0.1313829391566883,0.18404223652721685,70.07843137254902
12988,2025,"Elvira Mijares, Ignacio",174,0.0741551724137931,0.13289418427199215,0.12766914471235882,0.18156733303530145,71.14942528735632
16475,2025,"Forrest, Grant",174,0.3698620689655172,0.2456843640292838,0.2700338953070827,0.1749465011795175,70.79885057471265
12425,2025,"Todd, Brendon",187,0.3119679144385027,0.2426516946160406,0.22718214109972631,0.17366592679402862,70.12021857923497
23549,2025,"Celli, Filippo",102,0.199843137254902,0.1696612312231165,0.18040827998738412,0.16391890373853082,71.07843137254902
13470,2025,"Kizzire, Patton",161,0.0747639751552795,0.09443825470322746,0.13529607617212097,0.16108975556255928,69.97452229299363
11104,2025,"Hutsby, Sam",58,-0.11441379310344826,0.07081003987199518,0.00010235550127182835,0.15594039334349616,71.41379310344827
18474,2025,"Smalley, Alex",168,0.17629761904761904,0.13385887120051881,0.18556291734292873,0.15496814717683505,70.05952380952381
24127,2025,"Hidalgo, Angel",194,0.10642268041237112,0.14744825274136053,0.1054619905160581,0.15367229954014192,71.18041237113403
20766,2025,"Brown, Daniel",182,0.3121978021978022,0.1834000748138335,0.23010953917002339,0.13680913916887258,70.91758241758242
7033,2025,"Molinari, Edoardo",167,0.2402574850299401,0.15354580242274912,0.20146205635327025,0.13325926786763015,71.06748466257669
15330,2025,"Griffin, Lanto",141,0.025765957446808523,0.056452192602890014,0.0966543773196843,0.13301802171573668,70.20567375886525
21236,2025,"Bryan, Wesley",110,-0.008181818181818158,0.0005559090959050848,0.11320676518382848,0.1317266059293129,70.18867924528301
13127,2025,"Tway, Kevin",157,0.10270063694267516,0.11863484313024239,0.10995377472485571,0.1304454800648867,70.05806451612904
22050,2025,"Suh, Justin",189,0.2361005291005291,0.16789160801719533,0.18941917057234714,0.12932756081824406,70.03243243243243
26562,2025,"Besard, Matthis",85,0.14969411764705884,0.1710542171465972,0.1116539069163547,0.1275859862707928,71.16470588235295
13344,2025,"Baldwin, Matthew",189,0.21143386243386242,0.14005259243145465,0.17776832334101367,0.1264889885996401,71.2063492063492
9133,2025,"Larrazabal, Pablo",144,0.2956944444444444,0.1860599252305496,0.21391112695600561,0.1258633805238268,71.02777777777777
12317,2025,"Kieffer, Maximilian",160,0.2733,0.15734059746131943,0.21349444385921018,0.12410608672442716,70.90625
6950,2025,"Siem, Marcel",162,0.44587037037037036,0.24353483019258582,0.29717327366611573,0.12357077027112384,70.87037037037037
12808,2025,"Grillo, Emiliano",178,0.16755056179775282,0.1492929712166411,0.13417682030418995,0.12237553076749542,70.45505617977528
16715,2025,"Ryder, Sam",176,0.22893181818181815,0.15695718935544847,0.18467017968234536,0.12040154256325225,70.05232558139535
19428,2025,"Zalatoris, Will",100,0.14761000000000002,0.13299193825839986,0.12162856092784724,0.11250732672735417,70.66
13497,2025,"Lee, K.H.",174,0.13459195402298849,0.1331953820276557,0.10457960434684356,0.1077267541914208,70.09770114942529
22833,2025,"Echavarria, Nico",164,-0.0034085365853658628,-0.0036046347211064573,0.08640121820031763,0.09755026562796722,70.07926829268293
28270,2025,"Dunlap, Nick",83,0.018469879518072264,0.07875909903631828,0.041056673314370844,0.09626466816619939,70.27710843373494
24481,2025,"Redman, Doc",84,0.009369047619047617,0.019191614961306877,0.07143880492202884,0.09076655424623188,70.475
13126,2025,"Taylor, Nick",167,0.2617005988023952,0.17555288023567478,0.16410820686606503,0.08692995112408046,70.14723926380368
10877,2025,"Goya, Tano",84,0.18733333333333335,0.12309047164619115,0.14438562999189197,0.08475616878840678,70.04878048780488
19840,2025,"Ramey, Chad",179,0.08681564245810056,0.052492675014393274,0.10807986346876425,0.08372263318386454,70.10857142857142
22465,2025,"Penge, Marco",92,0.12004347826086956,0.1034847386093916,0.0883980219027722,0.07485401754472347,71.3586956521739
12577,2025,"Woodland, Gary",148,0.11595270270270269,0.10630844849223693,0.07488956013278748,0.07093726491215224,70.6554054054054
13305,2025,"Chappell, Kevin",129,0.11397674418604649,0.050028776285419366,0.11276724187199806,0.06854940004631052,70.15748031496064
7960,2025,"List, Luke",165,0.16612727272727273,0.10236432569024562,0.12193688759214726,0.05363141483016788,70.1863354037267
25157,2025,"Hodges, Lee",179,0.09722905027932958,0.056736210446494635,0.0852452734205543,0.04964957171900627,70.42937853107344
7398,2025,"Schwartzel, Charl",101,-0.06316831683168318,-0.02393914100443075,0.006093069907743065,0.046359489653470386,70.5049504950495
13089,2025,"Nemecz, Lukas",162,-0.023234567901234585,-0.006741358719701072,0.015351747988718425,0.03931482106649221,71.12345679012346
19865,2025,"Hardy, Nick",195,0.07691794871794871,0.03772130590677597,0.06930213507654054,0.038614838998398744,70.22513089005236
6986,2025,"Johnson, Zach",116,-0.05336206896551721,-0.02245280718558314,0.0038497725833058264,0.0377446138577679,70.5
29767,2025,"Gerard, Ryan",76,0.006263157894736836,-0.012602204848662457,0.032304666617120094,0.032027405752378224,70.41891891891892
5994,2025,"Stenson, Henrik",94,0.17774468085106385,0.10894480468525813,0.09107919524755874,0.02734449925907491,69.8936170212766
26008,2025,"Elvira, Manuel",105,0.10893333333333333,0.11223856853975046,0.029655236437460066,0.024620805951741733,71.24761904761905
19635,2025,"Cantero Gutierrez, Ivan",89,0.008876404494382008,0.01014299322998733,0.01708459027894573,0.019522418524993014,71.33707865168539
22985,2025,"Smotherman, Austin",143,-0.06541258741258742,-0.054573610376475803,0.003685243424089929,0.0168710527276025,70.2127659574468
9675,2025,"Lorenzo-Vera, Michael",104,0.10158653846153845,0.02624279256049864,0.07643946301063162,0.008275971855080912,71.3173076923077
18244,2025,"Shinkwin, Callum",121,-0.06110743801652894,-0.03253052342416913,-0.04052929329878031,-0.008547146760949212,71.36134453781513
7489,2025,"Moore, Ryan",150,0.022419999999999992,-0.031881736729321875,0.041131925659299094,-0.010948919214834095,70.12666666666667
27780,2025,"Crowe, Trace",87,0.0526896551724138,0.05310080181441247,-0.008374100904383846,-0.014684293645190914,70.04597701149426
11763,2025,"Wu, Ashun",165,0.018575757575757582,0.012544454999082522,-0.01368188633067065,-0.01468736288380516,71.04242424242425
28309,2025,"Coody, Pierceson",105,-0.09712380952380953,-0.07642208523255108,-0.03525533731601195,-0.015233595310830106,70.43809523809524
21688,2025,"Kim, S.H.",207,0.09440096618357488,0.040371251562783206,0.03317393108010122,-0.015479530069234965,70.29556650246306
25213,2025,"Wu, Brandon",178,0.09588202247191009,0.029994050708106706,0.03284511266758821,-0.023475144657231696,70.12068965517241
11451,2025,"Garnett, Brice",128,-0.04543750000000002,-0.03227037972635372,-0.03385762043424615,-0.025035424965087073,70.23809523809524
9586,2025,"Laird, Martin",153,-0.0773202614379085,-0.08724204226558624,-0.029842279416688114,-0.03839054281755589,70.26797385620915
19477,2025,"Schenk, Adam",192,0.10689583333333334,0.05758538587423462,0.008059490778360162,-0.04131688768273974,70.390625
19068,2025,"Barron, Haydn",76,0.03950000000000001,0.02658652530959892,-0.026332669699163497,-0.04593780085280506,71.23684210526316
5754,2025,"Fichardt, Darren",95,0.0524315789473684,0.03135067138994909,-0.018230008533585775,-0.04762209163176,71.43157894736842
7961,2025,"Reavie, Chez",165,-0.03468484848484849,-0.04862468736683448,-0.041870860602895375,-0.0497949118154509,70.38181818181818
17718,2025,"Sordet, Clement",148,-0.05089864864864867,-0.055392919312191806,-0.07232553501541833,-0.06947792261868706,71.33783783783784
23416,2025,"Ravetto, David",161,-0.04309937888198758,-0.032471037997862016,-0.0852499315609965,-0.07317302651750826,71.33540372670808
15310,2025,"Li, Haotong",111,-0.6283153153153153,-0.2522905228417326,-0.3978065629034835,-0.08097953365744771,71.81981981981981
14655,2025,"Murray, Grayson",78,-0.11717948717948715,-0.12601711841215688,-0.08013466513062645,-0.08239482604285077,70.71621621621621
12650,2025,"Huizing, Daan",164,0.0434390243902439,-0.038352089916399275,-0.007469664808238611,-0.08366538096752374,71.21951219512195
23816,2025,"Valimaki, Sami",170,0.13734117647058824,0.0014771776512327338,0.03256963417565784,-0.08476468212830267,70.68823529411765
18635,2025,"Shelton, Robby",167,-0.08977245508982039,-0.08770986293412353,-0.09302661824425862,-0.08906891905248417,70.44242424242424
12321,2025,"Aphibarnrat, Kiradech",137,0.004591240875912389,-0.024980824056946044,-0.06524326876454738,-0.09287890118628753,71.23357664233576
15980,2025,"Lipsky, David",164,-0.11978658536585364,-0.1447739029106035,-0.07429326474167136,-0.09288452116515819,70.44375
4163,2025,"Donald, Luke",112,-0.07465178571428568,-0.08448131526171541,-0.08546036542237215,-0.1021535780710816,71.28703703703704
8480,2025,"Streelman, Kevin",144,-0.08527083333333332,-0.09117436628916965,-0.10498113291712614,-0.11141380827050228,70.61111111111111
14140,2025,"Higgs, Harry",103,-0.30718446601941746,-0.21925392559663182,-0.2243991803426814,-0.12089197633328755,70.8019801980198
5716,2025,"Harrington, Padraig",91,-0.01646153846153849,-0.08660796486456601,-0.06973689065760973,-0.1276442072413354,71.05494505494505
17813,2025,"Armitage, Marcus",160,-0.11268750000000002,-0.11681316720725665,-0.12116062768562229,-0.13189586153823415,71.3
24490,2025,"Galletti, Nicolo",54,-0.07911111111111112,-0.06471951530883072,-0.13596533692831628,-0.13208635079569306,71.22222222222223
12359,2025,"Stallings, Scott",94,-0.14667021276595746,-0.1559964216268357,-0.1301913756873767,-0.13636599108299557,70.92391304347827
7457,2025,"Cabrera Bello, Rafa",168,-0.02314285714285712,-0.06287581861979881,-0.10328383070283945,-0.13854508484411396,71.20238095238095
7899,2025,"Piercy, Scott",129,-0.08272093023255815,-0.13170098724737836,-0.09817430168399957,-0.1415278761644174,70.20472440944881
17639,2025,"Blair, Zac",152,-0.1342763157894737,-0.1432877132465286,-0.13109714536002245,-0.1415912437131832,70.26
24342,2025,"Higgo, Garrick",171,-0.033415204678362564,-0.09839330152789384,-0.09130635011391416,-0.15185986941685986,70.3859649122807
17068,2025,"Daffue, Mj",129,-0.08816279069767444,-0.11768434180683221,-0.13123403367961223,-0.16242325679543695,70.6
18187,2025,"Duncan, Tyler",162,-0.030932098765432094,-0.12155742081922578,-0.08034825799621213,-0.16454539133652937,70.25316455696202
11061,2025,"Morrison, James",201,-0.1188955223880597,-0.13287564067437227,-0.14277361845055045,-0.1674407316246276,71.29353233830845
26213,2025,"Ko, Jeong Weon",187,-0.14255080213903745,-0.1587761482156405,-0.16899030881281207,-0.18097564516518388,71.54545454545455
15016,2025,"Schwab, Matthias",177,-0.3249209039548023,-0.26497712515338867,-0.24289626771767261,-0.1889114698362543,71.20231213872832
16395,2025,"Kohles, Ben",93,-0.15752688172043008,-0.17992151730112688,-0.17077207859324273,-0.1899261952721587,70.15053763440861
27598,2025,"James, Nicholas",74,-0.1117162162162162,-0.12765718658698627,-0.1697663274873017,-0.19399056357485278,71.21621621621621
16433,2025,"NeSmith, Matt",169,-0.1328639053254438,-0.1771985182334898,-0.1484447683226192,-0.1949897501446323,70.48484848484848
5665,2025,"Cink, Stewart",112,-0.17129464285714285,-0.22364822040004562,-0.14532254385058696,-0.19561918263805905,70.52678571428571
14509,2025,"Dahmen, Joel",168,-0.20814285714285716,-0.23365742378926874,-0.1723188801879548,-0.19899737984177365,70.57926829268293
14018,2025,"Dantorp, Jens",173,-0.16661271676300576,-0.20875762278715174,-0.16049168579396064,-0.20020749117011585,71.34104046242774
11049,2025,"Simpson, Webb",100,-0.21128,-0.1991650512909658,-0.21021129291613216,-0.20540103643397906,70.85
22535,2025,"Norrman, Vincent",154,0.06637662337662338,-0.09953353222191116,-0.047107820652167266,-0.20804255407687497,70.52666666666667
27774,2025,"Gotterup, Chris",78,-0.2266794871794872,-0.20856167598215428,-0.23283634735724934,-0.2144587712078662,70.26923076923077
13139,2025,"Pulkkanen, Tapio",106,-0.3306037735849056,-0.21917709669579882,-0.31310659258908224,-0.2191318151174765,71.41509433962264
12477,2025,"McGirt, William",79,-0.24263291139240506,-0.2330085960358729,-0.23118375931545315,-0.2326807267454493,70.50649350649351
19208,2025,"Endycott, Harrison",124,-0.2840564516129032,-0.23421735849160819,-0.2827097514496082,-0.24124822200611515,70.6639344262295
19681,2025,"Semikawa, Taiga",52,-0.41423076923076924,-0.3177510777720489,-0.3316756721601116,-0.24589077683183377,70.48076923076923
12909,2025,"Campos, Rafael",76,-0.22586842105263158,-0.24464207129316426,-0.235226253831973,-0.25434236339254734,70.59210526315789
13531,2025,"Kodaira, Satoshi",77,-0.25177922077922077,-0.21490340531310015,-0.2895139669321459,-0.2563653502639838,70.46753246753246
23542,2025,"Champ, Cameron",132,-0.2000227272727273,-0.26059881056947753,-0.19733659457226238,-0.2566660309787403,70.33333333333333
15852,2025,"Kraft, Kelly",129,-0.28723255813953485,-0.3133150466078305,-0.22618421232619834,-0.2571149824404579,70.26771653543307
27870,2025,"Coody, Parker",66,-0.26062121212121214,-0.2568048838682165,-0.25617560978287107,-0.26473992137856883,70.42424242424242
19455,2025,"Pereira, Mito",94,0.007968085106382966,-0.10002835748729061,-0.16068170102830553,-0.27085426012475217,70.06382978723404
15592,2025,"Girrbach, Joel",99,-0.2252020202020202,-0.2277354433151241,-0.26115457686328003,-0.2728237403824949,71.4040404040404
26660,2025,"Gordon, Will",131,-0.23489312977099236,-0.24740866847246468,-0.2572438488128476,-0.27478519176942806,70.35658914728683
10873,2025,"Skinns, David",85,-0.23157647058823527,-0.22432133923614753,-0.2806985524078225,-0.2755979473537395,70.2235294117647
27554,2025,"Jones, Sam",84,-0.2001547619047619,-0.22871517360826174,-0.24830704432099726,-0.2837383842861252,71.30952380952381
23236,2025,"Arnaus, Adri",159,-0.2417672955974843,-0.2863280106792675,-0.2718322042284979,-0.31285497760847414,71.32075471698113
6252,2025,"Baddeley, Aaron",152,-0.13140789473684208,-0.19890204938255893,-0.2469536132502876,-0.3181018284472663,70.4
16549,2025,"Paratore, Renato",128,-0.1366015625,-0.22653006576623297,-0.2404749000303806,-0.33637635720026526,71.5546875
21943,2025,"Lebioda, Hank",67,-0.49004477611940295,-0.4086502720079657,-0.43198631997421527,-0.3431559876341326,71.41269841269842
25442,2025,"Montgomery, Taylor",136,-0.11883823529411763,-0.2007149128688832,-0.2515707869642233,-0.3454974674305819,70.43939393939394
24657,2025,"Friedrichsen , Sebastian",90,-0.25677777777777777,-0.29341782061189553,-0.30701136146659835,-0.35081931685918716,71.57777777777778
23505,2025,"McGreevy, Max",94,-0.643563829787234,-0.5100840556656193,-0.4897694610603228,-0.35473831431495934,70.8804347826087
26745,2025,"Lopez-Chacarra, Eugenio",93,-0.3275806451612903,-0.3515483711273973,-0.32764272870516076,-0.356728380316511,70.26881720430107
15473,2025,"Long, Adam",128,-0.24567968750000002,-0.3192621528731868,-0.28243896729182727,-0.36788733617875513,70.6328125
19872,2025,"Riley, Davis",156,-0.3121282051282051,-0.31156461846974537,-0.3658091505685044,-0.3679539324962169,70.5657894736842
24354,2025,"Xiong, Norman",50,-0.32211999999999996,-0.36808383183882915,-0.3277528237666342,-0.3745204124798808,70.54
19806,2025,"Forsstrom, Simon",144,-0.24031944444444445,-0.31802771658204887,-0.3096313852631145,-0.37762177186831314,71.54861111111111
20353,2025,"Whitney, Tom",77,-0.3787142857142857,-0.43275364913019826,-0.34155588550660887,-0.39029305576920714,70.72727272727273
7293,2025,"Walker, Jimmy",102,-0.39748039215686276,-0.37652258721198123,-0.41140490388934375,-0.3923865484862324,71.05
15366,2025,"Wang, Jeunghun",83,-0.49919277108433735,-0.4100240844906839,-0.5113109402133524,-0.4094788915448379,71.86746987951807
8300,2025,"Wilson, Oliver",148,-0.5184932432432432,-0.43479603837538994,-0.4709850040328371,-0.413776746559833,71.69594594594595
13367,2025,"Merritt, Troy",159,-0.3885974842767296,-0.396249685981246,-0.3950509184438143,-0.4148732170601711,70.51612903225806
25363,2025,"Buckley, Hayden",148,-0.35148648648648645,-0.38917364218413,-0.3867469708533247,-0.424632548863395,70.76388888888889
13530,2025,"Kawamura, Masahiro",117,-0.19398290598290602,-0.3254031660714243,-0.3037977780696999,-0.4266237678245586,71.47863247863248
13821,2025,"Whitnell, Dale",150,-0.35429333333333335,-0.3569161997667695,-0.4265399403821668,-0.431589618287109,71.73333333333333
7655,2025,"Molinari, Francesco",113,-0.45830973451327434,-0.46029111932245,-0.4455459393767825,-0.45216001263667505,71.5575221238938
16757,2025,"Dou, Zecheng",111,-0.4130990990990991,-0.3952988348426452,-0.45507647406207213,-0.4527828782502296,70.63302752293578
9604,2025,"Stroud, Chris",50,-0.42352000000000006,-0.41711609030542024,-0.48404902351074214,-0.46772262326332126,70.79166666666667
20704,2025,"Tarrio Ben, Santiago",191,-0.2929895287958115,-0.36890497842878345,-0.3876397340657758,-0.4691136096084812,71.6020942408377
19866,2025,"Horsfield, Sam",63,-0.5044126984126984,-0.5118061089508846,-0.45841637272226493,-0.47208050166078147,70.68253968253968
18722,2025,"Gouveia, Ricardo",101,-0.4605742574257426,-0.4854108389103665,-0.4363793554752502,-0.47348251588507234,71.84158415841584
6931,2025,"Byrd, Jonathan",70,-0.5123142857142857,-0.48066115947804205,-0.5138889085167911,-0.47483272739524446,70.79411764705883
14852,2025,"Streb, Robert",93,-0.5189462365591397,-0.47187832268704405,-0.5093065009993945,-0.4778995877747329,70.75280898876404
22002,2025,"Dumont de Chassart, Adrien",93,-0.48858064516129035,-0.5476881723436547,-0.43383878738637316,-0.485589755579218,70.46236559139786
17032,2025,"Tosti, Alejandro",92,-0.3690978260869565,-0.46719270732714946,-0.39666215733562044,-0.48686724195030273,70.48913043478261
7626,2025,"O'Hair, Sean",94,-0.424095744680851,-0.41059397887964727,-0.4801610785136591,-0.4881105868425919,70.84444444444445
23599,2025,"Westmoreland, Kyle",83,-0.7001686746987952,-0.5417493642076274,-0.6414743814746939,-0.4955297502823172,71.22222222222223
14050,2025,"Sloan, Roger",84,-0.44033333333333335,-0.493248288815914,-0.45370327862428206,-0.5117986357495751,70.5952380952381
19396,2025,"Knapp, Jake",84,-0.4325119047619047,-0.46545835455690726,-0.47668366636067216,-0.5158242760999899,70.67857142857143
20846,2025,"Scalise, Lorenzo",95,-0.44146315789473684,-0.49342214175999455,-0.46423322795148275,-0.5220323471915723,71.63157894736842
7820,2025,"Palmer, Ryan",120,-0.3174916666666666,-0.40060946388170765,-0.4280518308147695,-0.5245286758272601,70.51694915254237
19364,2025,"Werenski, Richy",119,-0.5528319327731093,-0.5271373285131882,-0.55189468552807,-0.530444885421296,70.88034188034187
25138,2025,"Long, Hurly",145,-0.46113103448275866,-0.5143387634518389,-0.4836899788253738,-0.5365631864094249,71.67586206896551
13831,2025,"Knox, Russell",118,-0.5653135593220339,-0.5555175858029192,-0.5418074749971118,-0.5428283080466094,70.61206896551724
14926,2025,"Malnati, Peter",167,-0.3835868263473054,-0.43317529745875616,-0.487644877058226,-0.544656144397114,70.89820359281437
23016,2025,"Bachem, Nick",142,-0.20211971830985917,-0.4096044661305978,-0.3609135006791332,-0.5616424367404959,71.50704225352112
11955,2025,"Frittelli, Dylan",168,-0.7411428571428571,-0.6335744682288962,-0.660930887569741,-0.5798751574073225,71.7560975609756
11374,2025,"Hahn, James",109,-0.5746880733944953,-0.5825250985057941,-0.5896763894777428,-0.6131490083661706,70.76146788990826
8469,2025,"Armour, Ryan",80,-0.66805,-0.5927722036305044,-0.6870354229632256,-0.6176141940266769,71.03846153846153
19738,2025,"Dougherty, Kevin",71,-0.5192112676056339,-0.5932983761150423,-0.5485633024341893,-0.6268387010000588,70.7605633802817
18761,2025,"Mullinax, Trey",76,-0.6123684210526316,-0.5986467693355733,-0.6328275365153637,-0.6345195995599197,71.39189189189189
20519,2025,"Tarren, Callum",160,-0.5503,-0.6088991250483754,-0.5690737589705945,-0.6357388368237084,70.9746835443038
12920,2025,"Willett, Danny",99,-0.6088484848484849,-0.5892887808754936,-0.6427734119584736,-0.6383444631386989,71.8989898989899
7301,2025,"Dufner, Jason",95,-0.6007789473684211,-0.6269599257734528,-0.6412826751777666,-0.6798865967671337,70.98924731182795
17266,2025,"Yuan, Carl",153,-0.5944379084967321,-0.6300885513391403,-0.6505323857860603,-0.6993128006684405,70.7748344370861
23892,2025,"Gumberg, Jordan",96,-0.6594375,-0.6814443751794493,-0.670700050085276,-0.7128969099021212,71.95833333333333
23781,2025,"Hanna, Chase",170,-0.6633529411764706,-0.6639050541232513,-0.7052591287544103,-0.7260900750122897,71.89411764705882
16713,2025,"Lindheim, Nicholas",51,-0.4906078431372549,-0.6511446837701093,-0.5890883688303372,-0.7500977794908209,70.3921568627451
7900,2025,"Haas, Bill",69,-0.630855072463768,-0.7276018152760071,-0.6743045641773108,-0.7751653596476571,70.71641791044776
13349,2025,"Kofstad, Espen",67,-0.8172388059701493,-0.8411364094717136,-0.743122037075571,-0.7830245527444164,72.32835820895522
18536,2025,"McCormick, Ryan",70,-0.699757142857143,-0.7996066388285363,-0.6933022156431329,-0.7922306474490085,70.87142857142857
18579,2025,"Cook, Austin",116,-0.6821637931034483,-0.7166395363475501,-0.7558136276412897,-0.816706917125026,71.0701754385965
14815,2025,"Lingmerth, David",75,-0.8612000000000001,-0.7848589429581675,-0.9003028825930822,-0.8221019366881916,71.58904109589041
8117,2025,"Kaymer, Martin",85,-1.0174470588235294,-0.9794440794248163,-0.8888047916386697,-0.8672730489712644,71.02352941176471
13022,2025,"Stuard, Brian",69,-1.0804202898550725,-0.8882056020216454,-1.0490081945717589,-0.8678343233920138,71.35820895522389
8820,2025,"Snedeker, Brandt",97,-0.8449381443298969,-0.8950931937372232,-0.8169380004237251,-0.8747091016273967,71.15463917525773
25771,2025,"Furr, Wilson",65,-0.7543692307692308,-0.8620114152578183,-0.7664911490346034,-0.8758630299490994,70.9076923076923
13731,2025,"Strydom, Ockie",120,-0.9484833333333333,-0.8754434918157554,-0.9362338014561676,-0.8853198122506865,72.61666666666666
12318,2025,"Knappe, Alexander",112,-0.6995178571428572,-0.7139944873502448,-0.8661767895859565,-0.8968837767137462,71.94642857142857
7334,2025,"Watson, Bubba",84,-0.7876547619047619,-0.8303187076865106,-0.8494747863469504,-0.9099120827469863,70.73809523809524
19948,2025,"Taylor, Ben",155,-0.9355032258064517,-0.9467185807479442,-0.9140093400454519,-0.9307847965357421,71.26797385620915
14002,2025,"Alexander, Tyson",163,-0.9243558282208588,-0.9551184026694101,-0.9026068247758037,-0.9474689558032725,71.18012422360249
14409,2025,"Wiebe, Gunner",142,-1.1745845070422536,-1.0102164067359987,-1.0607877785539623,-0.9507118854035252,72.34507042253522
17508,2025,"Gribble, Cody",104,-0.693125,-0.7786088354383864,-0.8488409155226763,-0.9532778788607196,70.98039215686275
12169,2025,"Gainey, Tommy",55,-1.2759272727272728,-1.0282524456127178,-1.1571504732129654,-0.9621838760289918,71.49090909090908
16039,2025,"Haley II, Paul",88,-1.0246363636363636,-0.9109996927217224,-1.089335775134059,-0.9799804358358876,71.55813953488372
1547,2025,"Mickelson, Phil",104,-0.8461442307692307,-0.9044599266148647,-0.9184446960047236,-0.9947775021894458,71.34615384615384
13404,2025,"Gligic, Michael",73,-1.2064520547945206,-0.9762575402300174,-1.2147537589249473,-0.9964794695717812,71.69565217391305
29348,2025,"Hale, Jr., Blaine",65,-0.9172,-1.0480767743777912,-0.9153378569233178,-1.0459489190471774,71.2
15634,2025,"Trainer, Martin",124,-0.9458709677419355,-0.9833859226082404,-1.0679324425574546,-1.1380149714411858,71.15
27597,2025,"Ogletree, Andy",53,-0.9451698113207547,-1.100466728315215,-0.9861021143660765,-1.142524219835532,71.09433962264151
8085,2025,"Teater, Josh",65,-0.9652153846153846,-1.1398194781326467,-1.012349354559994,-1.1788355848653884,71.24615384615385
12846,2025,"Herman, Jim",76,-1.3169210526315789,-1.1533117884189825,-1.3486078788142666,-1.1891552851559084,71.52702702702703
9171,2025,"Villegas, Camilo",100,-1.01812,-1.1563101956517168,-1.0850046221356695,-1.2423606446352213,71.21
5647,2025,"Gallacher, Stephen",105,-1.3122,-1.2286111928595755,-1.275339346064247,-1.244270787456411,72.4952380952381
7881,2025,"Kang, Sunghoon",106,-1.1750283018867924,-1.172781408336615,-1.2646117689091088,-1.3082977480607878,71.84615384615384
10423,2025,"Brehm, Ryan",145,-1.3097103448275864,-1.3444028967027672,-1.2971834082648581,-1.3575226548945936,71.52413793103449
7955,2025,"Watney, Nick",96,-1.6267395833333333,-1.484803116834789,-1.5394258128177913,-1.4297580780300436,72.1086956521739
14000,2025,"Landry, Andrew",77,-1.5427922077922078,-1.4915058049945982,-1.5982482139603784,-1.5679142399985404,71.76
19620,2025,"Pereda, Raul",64,-1.425765625,-1.6205850700520497,-1.4766030832616013,-1.6813875632582946,71.71875
18241,2025,"Gavins, Daniel",100,-1.4465899999999998,-1.4606627093747184,-1.6544934623055623,-1.6994425741992938,72.62
16566,2025,"Barjon, Paul",65,-1.4878615384615383,-1.7024929729447824,-1.4897009476575167,-1.7039062976174115,71.76923076923077
11328,2025,"Kisner, Kevin",94,-1.752308510638298,-1.847477127842452,-1.6806740050302658,-1.7947838605550042,72.36170212765957
14799,2025,"Barnes, Erik",87,-1.4344942528735631,-1.6188103492592778,-1.694854949423293,-1.9202442683084744,71.8735632183908
