player_name,dg_id,bet365,betcris,betonline,betmgm,betway,bovada,caesars,draftkings,fanduel,pinnacle,skybet,pointsbet,williamhill,unibet,datagolf_baseline,datagolf_base_history_fit,last_updated,event_name,market
"Scheffler, Scottie",18417,4.33,4.5600000000000005,4.25,4.33,4.33,4.5,4.1,4.45,4.1,4.33,4.0,4.5,4.0,4.0,5.643871695983456,5.48646671543525,2026-08-26 02:34:04 UTC,TOUR Championship,win
"McIlroy, Rory",10091,8.5,9.52,9.5,9.5,9.0,9.0,9.0,8.8,10.5,9.59,10.0,11.0,9.0,9.0,13.026487190620925,11.48985063194179,2026-08-26 02:34:04 UTC,TOUR Championship,win
"Schauffele, Xander",19895,10.0,11.52,12.0,13.0,12.0,12.0,13.0,13.25,13.0,12.82,13.0,13.0,11.0,11.0,16.973125884016962,11.869436201780417,2026-08-26 02:34:04 UTC,TOUR Championship,win
"Aberg, Ludvig",23950,17.0,21.54,21.0,17.0,17.0,21.0,19.0,14.75,19.0,16.42,17.0,19.0,17.0,15.0,19.02346227013315,21.15655853314526,2026-08-26 02:34:04 UTC,TOUR Championship,win
"Cantlay, Patrick",15466,15.0,19.53,19.0,17.0,15.0,19.0,15.0,17.0,19.0,18.37,17.0,19.0,17.0,15.0,24.41008950366149,22.83974114960032,2026-08-26 02:34:04 UTC,TOUR Championship,win
"Young, Cameron",26651,21.0,23.59,23.0,21.0,19.0,21.0,21.0,16.5,21.0,22.81,19.0,21.0,21.0,19.0,21.96997436836322,24.85501242750623,2026-08-26 02:34:04 UTC,TOUR Championship,win
"Morikawa, Collin",22085,17.0,19.53,21.0,19.0,17.0,19.0,19.0,21.5,21.0,19.09,19.0,21.0,17.0,19.0,29.28257686676428,25.104602510460275,2026-08-26 02:34:04 UTC,TOUR Championship,win
"Burns, Sam",19483,19.0,20.05,19.0,19.0,17.0,19.0,15.0,15.75,19.0,19.02,17.0,19.0,17.0,17.0,24.721878862793574,26.38522427440633,2026-08-26 02:34:04 UTC,TOUR Championship,win
"Fleetwood, Tommy",12294,21.0,25.57,23.0,21.0,19.0,23.0,23.0,19.5,23.0,24.27,21.0,21.0,21.0,17.0,26.1437908496732,26.455026455026456,2026-08-26 02:34:04 UTC,TOUR Championship,win
"Clark, Wyndham",23604,17.0,17.53,17.0,17.0,15.0,17.0,15.0,17.0,19.0,18.77,17.0,19.0,15.0,15.0,23.40093603744152,27.842227378190227,2026-08-26 02:34:04 UTC,TOUR Championship,win
"Gotterup, Chris",27774,23.0,29.51,26.0,21.0,21.0,23.0,19.0,20.5,26.0,23.92,26.0,26.0,23.0,19.0,24.49979583503469,28.248587570621467,2026-08-26 02:34:04 UTC,TOUR Championship,win
"Hovland, Viktor",18841,26.0,29.59,29.0,26.0,26.0,26.0,28.0,26.0,28.0,25.61,26.0,26.0,26.0,23.0,32.94892915980231,28.46299810246682,2026-08-26 02:34:04 UTC,TOUR Championship,win
"Kim, Si Woo",14609,26.0,29.61,29.0,26.0,23.0,26.0,23.0,24.5,26.0,29.58,23.0,26.0,26.0,23.0,29.14035939776588,31.18503118503115,2026-08-26 02:34:04 UTC,TOUR Championship,win
"Fitzpatrick, Matt",17646,23.0,26.57,26.0,23.0,21.0,26.0,21.0,21.0,23.0,29.76,21.0,21.0,21.0,17.0,26.929982046678656,31.578947368421023,2026-08-26 02:34:04 UTC,TOUR Championship,win
"Matsuyama, Hideki",13562,26.0,29.61,31.0,29.0,26.0,31.0,28.0,30.0,28.0,31.15,26.0,26.0,29.0,23.0,31.931878658861063,32.467532467532465,2026-08-26 02:34:04 UTC,TOUR Championship,win
"Henley, Russell",14578,26.0,33.58,34.0,26.0,23.0,29.0,26.0,30.0,31.0,29.73,29.0,29.0,26.0,21.0,58.76591576885394,42.49291784702556,2026-08-26 02:34:04 UTC,TOUR Championship,win
"Gerard, Ryan",29767,46.0,56.0,56.0,41.0,41.0,51.0,46.0,42.0,46.0,56.99,41.0,46.0,41.0,41.0,42.887776983559625,55.710306406685234,2026-08-26 02:34:04 UTC,TOUR Championship,win
"Scott, Adam",6430,51.0,56.01,51.0,41.0,41.0,46.0,41.0,45.0,46.0,51.34,41.0,46.0,46.0,41.0,60.422960725075534,55.81395348837199,2026-08-26 02:34:04 UTC,TOUR Championship,win
"Rose, Justin",6093,46.0,51.61,56.0,41.0,41.0,46.0,46.0,41.0,46.0,58.92,41.0,46.0,46.0,41.0,75.28230865746569,56.98005698005698,2026-08-26 02:34:04 UTC,TOUR Championship,win
"Kim, Tom",24766,46.0,59.62,56.0,46.0,41.0,51.0,46.0,49.0,46.0,53.95,41.0,51.0,46.0,46.0,52.77044854881266,57.63688760806916,2026-08-26 02:34:04 UTC,TOUR Championship,win
"MacIntyre, Robert",23323,46.0,46.6,51.0,41.0,41.0,51.0,41.0,40.0,41.0,60.93,36.0,41.0,41.0,41.0,52.26480836236943,60.422960725075534,2026-08-26 02:34:04 UTC,TOUR Championship,win
"Lee, Min Woo",16841,61.0,71.67,61.0,61.0,51.0,66.0,51.0,45.0,51.0,68.96,41.0,51.0,61.0,51.0,51.76876617773934,64.51612903225806,2026-08-26 02:34:04 UTC,TOUR Championship,win
"Spaun, J.J.",17536,46.0,61.63,61.0,41.0,34.0,51.0,46.0,49.0,46.0,63.33,41.0,46.0,41.0,41.0,66.81514476614684,84.50704225352136,2026-08-26 02:34:04 UTC,TOUR Championship,win
"Smalley, Alex",18474,67.0,71.67,71.0,61.0,51.0,71.0,61.0,60.0,61.0,75.9,51.0,61.0,61.0,67.0,71.59904534606189,90.90909090909092,2026-08-26 02:34:04 UTC,TOUR Championship,win
"Woodland, Gary",12577,46.0,71.67,56.0,41.0,34.0,46.0,41.0,49.0,41.0,65.83,36.0,41.0,46.0,41.0,100.67114093959766,91.8836140888211,2026-08-26 02:34:04 UTC,TOUR Championship,win
"Reitan, Kristoffer",21407,71.0,76.68,81.0,56.0,67.0,76.0,61.0,63.0,61.0,85.71,51.0,61.0,61.0,67.0,69.12442396313348,92.7357032457499,2026-08-26 02:34:04 UTC,TOUR Championship,win
"Bridgeman, Jacob",29433,51.0,76.68,71.0,51.0,51.0,61.0,46.0,55.0,61.0,84.65,51.0,61.0,51.0,51.0,76.92307692307692,100.67114093959766,2026-08-26 02:34:04 UTC,TOUR Championship,win
"Fitzpatrick, Alex",25362,81.0,101.72,101.0,91.0,81.0,91.0,81.0,85.0,101.0,114.32,71.0,91.0,81.0,81.0,99.83361064891814,120.48192771084337,2026-08-26 02:34:04 UTC,TOUR Championship,win
"Bhatia, Akshay",26096,81.0,106.73,111.0,71.0,67.0,91.0,76.0,81.0,81.0,90.08,67.0,81.0,81.0,67.0,118.3431952662722,171.4285714285724,2026-08-26 02:34:04 UTC,TOUR Championship,win
"Fox, Ryan",11889,111.0,183.91,126.0,101.0,81.0,101.0,101.0,97.0,101.0,141.29,81.0,91.0,91.0,81.0,161.29032258064515,267.8571428571453,2026-08-26 02:34:04 UTC,TOUR Championship,win
